NombreProducto;
3 Riberas;
ALGARROBO;
ALHUE;
ANXI TIEGUANYIN;
APALTA;
Aachener Printen;
Aargau;
Abona;
Abondance;
Abricotine;
Abruzzo;
Absinthe du Val-de-Travers;
Aceite de Terra Alta;
Aceite de la Rioja;
Aceite del Baix Ebre-Montsià;
Aceite del Bajo Aragón;
Aceituna de Azapa;
Aceto Balsamico di Modena;
Aceto balsamico tradizionale di Modena;
Achaia;
Aegean Sea;
Affile;
Agenais;
Aglianico del Taburno;
Aglianico del Vulture;
Agora;
Aguardente Bagaceira Alentejo;
Aguardente Bagaceira Bairrada;
Aguardente Bagaceira da Região dos Vinhos Verdes;
Aguardente de Vinho Alentejo;
Aguardente de Vinho Douro;
Aguardente de Vinho Lourinhã;
Aguardente de Vinho Ribatejo;
Aguardente de Vinho da Região dos Vinhos Verdes;
Aguardiente de hierbas de Galicia;
Aguardiente de sidra de Asturias;
Ahr;
Ahrtaler Landwein;
Aigaio Pelagos;
Ain;
Aiud;
Ajaccio;
Alba;
Alba Iulia;
Albariño;
Albugnano;
Alcamo;
Aleatico Passito dell'Elba;
Aleatico di Gradoli;
Aleatico di Puglia;
Alella;
Alenquer;
Alentejano;
Alentejo;
Alezio;
Alfajor de Medina Sidonia;
Alfarería de Pomaire;
Algarrobo;
Algarve;
Alghero;
Alhué;
Alicante;
Alicante Bouchet;
Alicante Bouschet;
Alicante Henri Bouschet;
Allerona;
Allgäuer Bergkäse;
Allgäuer Emmentaler;
Allobrogie;
Aloxe-Corton;
Alpes de Haute Provence;
Alpes-Maritimes;
Alpilles;
Alsace;
Alsace grand cru Altenberg de Bergbieten;
Alsace grand cru Altenberg de Bergheim;
Alsace grand cru Altenberg de Wolxheim;
Alsace grand cru Brand;
Alsace grand cru Bruderthal;
Alsace grand cru Eichberg;
Alsace grand cru Engelberg;
Alsace grand cru Florimont;
Alsace grand cru Frankstein;
Alsace grand cru Froehn;
Alsace grand cru Furstentum;
Alsace grand cru Geisberg;
Alsace grand cru Gloeckelberg;
Alsace grand cru Goldert;
Alsace grand cru Hatschbourg;
Alsace grand cru Hengst;
Alsace grand cru Kaefferkopf;
Alsace grand cru Kanzlerberg;
Alsace grand cru Kastelberg;
Alsace grand cru Kessler;
Alsace grand cru Kirchberg de Barr;
Alsace grand cru Kirchberg de Ribeauvillé;
Alsace grand cru Kitterlé;
Alsace grand cru Mambourg;
Alsace grand cru Mandelberg;
Alsace grand cru Marckrain;
Alsace grand cru Moenchberg;
Alsace grand cru Muenchberg;
Alsace grand cru Ollwiller;
Alsace grand cru Pfersigberg;
Alsace grand cru Pfingstberg;
Alsace grand cru Praelatenberg;
Alsace grand cru Rangen;
Alsace grand cru Rosacker;
Alsace grand cru Saering;
Alsace grand cru Schlossberg;
Alsace grand cru Schoenenbourg;
Alsace grand cru Sommerberg;
Alsace grand cru Sonnenglanz;
Alsace grand cru Spiegel;
Alsace grand cru Sporen;
Alsace grand cru Steinert;
Alsace grand cru Steingrubler;
Alsace grand cru Steinklotz;
Alsace grand cru Vorbourg;
Alsace grand cru Wiebelsberg;
Alsace grand cru Wineck-Schlossberg;
Alsace grand cru Winzenberg;
Alsace grand cru Zinnkoepflé;
Alsace grand cru Zotzenberg;
Alta Langa;
Alta Valle della Greve;
Altiplano de Sierra Nevada;
Alto Adige;
Alto Livenza;
Alto Mincio;
Amarone della Valpolicella;
Amyndeon;
Anagni;
Anavyssos;
Anchialos;
Anjou;
Anjou Villages;
Anjou Villages Brissac;
Anjou-Coteaux de la  Loire;
Ansonica Costa dell'Argentario;
Antequera;
Anxi Tieguanyin;
Anís Paloma Monforte del Cid;
Aperitivo Café de Alcoy;
Appenzell Ausserrhoden;
Appenzeller Mostbröckli;
Appenzeller Pantli;
Appenzeller Siedwurst;
Aprikot del Trentino;
Aprikot trentino;
Aprilia;
Aprutino Pescarese;
Arabako Txakolina;
Arbois;
Arborea;
Archanes;
Arcole;
Ardèche;
Arghillà;
Argolida;
Ariège;
Arkadia;
Arlanza;
Armagnac;
Arribes;
Arruda;
Asenovgrad;
Asiago;
Asolo - Prosecco;
Assisi;
Asti;
Atalanti Valley;
Atina;
Atlantique;
Atlántida;
Attiki;
Atún de Isla de Pascua;
Aude;
Auxey-Duresses;
Avdira;
Aversa;
Aveyron;
Avola;
Aylés;
Azafrán de la Mancha;
Azal;
Azeite da Beira Alta;
Azeite da Beira Baixa;
Azeite de Moura;
Azeite de Trás-os-Montes;
Azeite do Alentejo Interior;
Azeites da Beira Interior;
Azeites do Norte Alentejano;
Azeites do Ribatejo;
Açores;
BOSEONG;
BOURBOUN;
BUIN;
Babadag;
Badacsony;
Badacsonyi;
Baden;
Badischer Landwein;
Baena;
Bagnoli;
Bagnoli Friularo;
Bagnoli di Sopra;
Bailén;
Bairrada;
Bajo Aragón;
Balaton;
Balaton-felvidék;
Balaton-felvidéki;
Balatonboglár;
Balatonboglári;
Balatonfüred-Csopak;
Balatonfüred-Csopaki;
Balatoni;
Balatonmelléki;
Balegemse jenever;
Ban Chiang Pottery;
Banat;
Bandol;
Banon;
Banu Mărăcine;
Banyuls;
Banyuls grand cru;
Baranjski kulen;
Barbagia;
Barbanza e Iria;
Barbaresco;
Barbera;
Barbera d'Alba;
Barbera d'Asti;
Barbera del Monferrato;
Barbera del Monferrato Superiore;
Barco Reale di Carmignano;
Bardolino;
Bardolino Superiore;
Barletta;
Barolo;
Barsac;
Basel-Landschaft;
Basel-Stadt;
Basilicata;
Bayerische Brez'n;
Bayerische Breze;
Bayerische Brezel;
Bayerische Brezn;
Bayerischer;
Bayerischer Gebirgsenzian;
Bayerischer Kräuterlikör;
Bayerisches Bier;
Beaufort;
Beaujolais;
Beaumes de Venise;
Beira Interior;
Bela krajina;
Bella Unión;
Bellet;
Belokranjec;
Benaco Bresciano;
Benediktbeurer Klosterlikör;
Beneventano;
Bergamasca;
Bergerac;
Bergland;
Berliner Kümmel;
Bern;
Berne;
Berner Alpkäse;
Berner Hobelkäse;
Berner Zungenwurst;
Betanzos;
Bettona;
Beurre d'Ardenne;
Bianchello del Metauro;
Bianco Capena;
Bianco del Sillaro;
Bianco del Ticino;
Bianco dell'Empolese;
Bianco di Castelfranco  Emilia;
Bianco di Custoza;
Bianco di Pitigliano;
Bielersee;
Bienvenues-Bâtard- Montrachet;
Bierzo;
Biferno;
Binissalem;
Biscoitos;
Bivongi;
Bizeljčan;
Bizkaiko Txakolina;
Black Sea Region;
Blagny;
Blanc Fumé;
Blanc Fumé de Pouilly;
Blanca Italia;
Blaye;
Bleu d'Auvergne;
Bloderkäse;
Blue Stilton cheese;
Blutwurz;
Boca;
Bodensee-Landwein;
Bohotin;
Bolgheri Sassicaia;
Bolyarovo;
Bonarda;
Bonarda dell'Oltrepò  Pavese;
Bonnes-Mares;
Bonnezeaux;
Bonvillars;
Bor Sang Umbrella;
Bordeaux;
Bordeaux supérieur;
Bornholm;
Bosco Eliceo;
Boseong;
Botticino;
Bouches-du-Rhône;
Bourg;
Bourgeais;
Bourgogne;
Bourgogne Passe tout-grains;
Bourgogne aligoté;
Bourgogne grand ordinaire;
Bourgogne mousseux;
Bourgogne ordinaire;
Bourgueil;
Boutefas;
Bouzeron;
Brachetto d'Acqui;
Bramaterra;
Brandy de Jerez;
Brandy del Penedés;
Brandy italiano;
Breganze;
Bremer Bier;
Bresaola della Valtellina;
Brestnik;
Brie de Meaux;
Brillat-Savarin;
Brindisi;
Brinjevec;
Brouilly;
Brulhois;
Brunello di Montalcino;
Bucelas;
Budějovické pivo;
Budějovický měšťanský var;
Bugey;
Buin;
Bulgarsko rozovo maslo;
Bullas;
Burgenland;
Burgunder Weisser;
Buttafuoco;
Buttafuoco dell'Oltrepò Pavese;
Buzet;
Bâtard-Montrachet;
Bärwurz;
Béarn;
Békési Szilvapálinka;
Bükk;
Bükki;
Bündnerfleisch;
Bœuf de Charolles;
CALERA DE TANGO;
CALLE LARGA;
CANADIAN WHISKY;
CARTAGENA;
CATEMU;
CAUQUENES;
CHILLAN;
CHIMBARONGO;
COELEMU;
COLBUN;
COLINA;
COLTAUCO;
CUREPTO;
Cabardès;
Cabernet;
Cabernet d'Anjou;
Cabernet de Saumur;
Cabernet franc;
Cabernet franco;
Cabernet sauvignon;
Cacc'e mmitte di Lucera;
Cadillac;
Cagliari;
Cahors;
Cakap;
Calabria;
Calamin;
Calatayud;
Caldaro;
Calera de Tango;
Calle Larga;
Calosso;
Caluso;
Calvados;
Calvados Domfrontais;
Calvados Pays d'Auge;
Calzadilla;
Camarro;
Camembert de Normandie;
Campania;
Campi Flegrei;
Campidano di Terralba;
Campo de Borja;
Campo de Cartagena;
Campo de La Guardia;
Canard à foie gras du Sud-Ouest;
Canavese;
Candia;
Candia dei Colli Apuani;
Canelones;
Canelón Chico;
Cangas;
Cangrejo Dorado de Juan Fernández;
Cannara;
Cannellino di Frascati;
Cannonau di Sardegna;
Cantal;
Cantalet;
Cantucci Toscani;
Cantuccini Toscani;
Cantueso Alicantino;
Capalbio;
Capri;
Capriano del Colle;
Carcavelos;
Cardon épineux genevois;
Carema;
Carignan;
Carignane;
Carignano del Sulcis;
Cariñena;
Carmelo;
Carmener;
Carmenere;
Carmenère;
Carmignano;
Carne de Vacuno del País Vasco;
Carne secca dei Grigioni;
Carnuntum;
Carpintería;
Carso;
Carso - Kras;
Cartagena;
Casa del Blanco;
Casavecchia di Pontelatone;
Casorzo;
Cassis;
Cassis de Bourgogne;
Cassis de Dijon;
Cassis de Saintonge;
Casteggio;
Castel San Lorenzo;
Castel del Monte;
Castel del Monte Bombino Nero;
Castel del Monte Nero di Troia Riserva;
Castel del Monte Rosso Riserva;
Casteller;
Castelli Romani;
Castelli di Jesi Verdicchio Riserva;
Castelló;
Castilla;
Castilla y León;
Catalanesca del Monte Somma;
Cataluña;
Catemu;
Cathare;
Cauquenes;
Cava;
Cecina de León;
Cellatica;
Cerasuolo d'Abruzzo;
Cerasuolo di Vittoria;
Cerro Carmelo;
Cerro Chapeu;
Cerro Largo;
Cerveteri;
Cesanese del Piglio;
Cesanese di Affile;
Cesanese di Olevano  Romano;
Cesar;
Cesar Noir;
Chabichou du Poitou;
Chablais;
Chablis;
Chablis grand cru;
Chacolí de Bizkaia;
Chacolí de Getaria;
Chacolí de Álava;
Chainat Khaotangkwa Pomelo;
Chaiya Salted Eggs;
Chalosse;
Chambertin;
Chambertin-Clos de  Bèze;
Chambolle-Musigny;
Champagne;
Chania;
Chania Kritis;
Chaource;
Chapelle-Chambertin;
Chardonnay;
Chardonnay Pinot;
Charlemagne;
Charmes-Chambertin;
Chassagne Montrachet;
Chavignol;
Chenin;
Chenin blanc;
Chevalier-Montrachet;
Cheverny;
Cheyres;
Chiangmai Celadon;
Chiangrai Phulae Pineapple;
Chianti;
Chianti Classico;
Chiemseer Klosterlikör;
Chillán;
Chimbarongo;
Chinchón;
Chinon;
Chios;
Chiroubles;
Chocolat suisse;
Chonnabot Mudmee Thai Silk;
Chorey-lès-Beaune;
Chorizo Riojano;
Chouriça de Carne de Vinhais;
Chouriço de Portalegre;
Château de Choully;
Château de Collex;
Château du Crest;
Château-Chalon;
Château-Grillet;
Châteaumeillant;
Châteauneuf-du-Pape;
Châtillon-en-Diois;
Chénas;
Cigales;
Cinque Terre;
Cinque Terre Sciacchetrà;
Cioccolato svizzero;
Circeo;
Cirepto;
Cirò;
Cisterna d'Asti;
Cité de Carcassonne;
Civitella d'Agliano;
Clairette de Bellegarde;
Clairette de Die;
Clairette du Languedoc;
Clare Island Salmon;
Clos Saint-Denis;
Clos Vougeot;
Clos de Tart;
Clos de Vougeot;
Clos de la Roche;
Clos des Lambrays;
Coelemu;
Cognac;
Colares;
Colbún;
Colina;
Colinele Dobrogei;
Colleoni;
Colli Albani;
Colli Altotiberini;
Colli Aprutini;
Colli Asolani - Prosecco;
Colli Berici;
Colli Bolognesi;
Colli Cimini;
Colli Etruschi Viterbesi;
Colli Euganei;
Colli Euganei Fior d'Arancio;
Colli Lanuvini;
Colli Maceratesi;
Colli Martani;
Colli Orientali del Friuli Picolit;
Colli Perugini;
Colli Pesaresi;
Colli Piacentini;
Colli Romagna centrale;
Colli Tortonesi;
Colli d'Imola;
Colli del Limbara;
Colli del Sangro;
Colli del Trasimeno;
Colli dell'Etruria Centrale;
Colli della Sabina;
Colli della Toscana centrale;
Colli di Conegliano;
Colli di Faenza;
Colli di Luni;
Colli di Parma;
Colli di Rimini;
Colli di Salerno;
Colli di Scandiano e di  Canossa;
Collina Torinese;
Collina del Milanese;
Colline Frentane;
Colline JonicheTarantine;
Colline Lucchesi;
Colline Novaresi;
Colline Pescaresi;
Colline Saluzzesi;
Colline Savonesi;
Colline Teatine;
Colline del Genovesato;
Colline di Levanto;
Collines Rhodaniennes;
Collio;
Collio Goriziano;
Collioure;
Colonna;
Coltauco;
Commandaria;
Comté;
Comté Tolosan;
Comtés Rhodaniens;
Conca de Barberà;
Condado de Huelva;
Condrieu;
Conegliano - Prosecco;
Conegliano Valdobbiadene - Prosecco;
Conselvano;
Constancia;
Contea di Sclafani;
Contessa Entellina;
Controguerra;
Copertino;
Coppa Piacentina;
Corbières;
Corbières-Boutenac;
Cordero Chilote;
Corfu;
Cori;
Cornas;
Corrèze;
Corse;
Cortese dell'Alto Monferrato;
Cortese di Gavi;
Corti Benedettine del  Padovano;
Corton;
Corton-Charlemagne;
Cortona;
Costa Etrusco Romana;
Costa Toscana;
Costa Viola;
Costa d'Amalfi;
Costa de Cantabria;
Coste della Sesia;
Costers del Segre;
Costières de Nîmes;
Cot;
Cot rouge;
Coteau de Bossy;
Coteau de Bourdigny;
Coteau de Chevrens;
Coteau de Choulex;
Coteau de Choully;
Coteau de Genthod;
Coteau de Lully;
Coteau de Peissy;
Coteau de la vigne blanche;
Coteau des Baillets;
Coteaux Bourguignons;
Coteaux Charitois;
Coteaux Varois en Provence;
Coteaux champenois;
Coteaux d'Aix-en Provence;
Coteaux d'Ancenis;
Coteaux de Coiffy;
Coteaux de Dardagny;
Coteaux de Die;
Coteaux de Glanes;
Coteaux de Narbonne;
Coteaux de Peney;
Coteaux de Peyriac;
Coteaux de Saumur;
Coteaux de Tannay;
Coteaux de l'Aubance;
Coteaux de l’Auxois;
Coteaux des Baronnies;
Coteaux du Cher et de  l'Arnon;
Coteaux du Giennois;
Coteaux du Layon;
Coteaux du Libron;
Coteaux du Loir;
Coteaux du Lyonnais;
Coteaux du Pont du  Gard;
Coteaux du Quercy;
Coteaux du Vendômois;
Coteaux d’Ensérune;
Cotechino Modena;
Coteşti;
Cotnari;
Cour-Cheverny;
Crete;
Criots-Bâtard Montrachet;
Crişana;
Crottin de Chavignol;
Crozes-Ermitage;
Crozes-Hermitage;
Crémant d'Alsace;
Crémant de Bordeaux;
Crémant de Bourgogne;
Crémant de Die;
Crémant de Limoux;
Crémant de Loire;
Crémant de Wallonie;
Crémant du Jura;
Csabai kolbász/Csabai vastagkolbász;
Csongrád;
Csongrádi;
Cuchaule;
Culatello di Zibello;
Cumbres del Guadalfeo;
Curtefranca;
Custoza;
Cviček;
Cádiz;
Cérons;
Cévennes;
Cítricos Valencianos; Cítrics Valencians
Cònero;
Córdoba;
Côte Roannaise;
Côte Rôtie;
Côte Vermeille;
Côte de Beaune;
Côte de Beaune Villages;
Côte de Brouilly;
Côtes Catalanes;
Côtes d'Auvergne;
Côtes de Bergerac;
Côtes de Blaye;
Côtes de Bordeaux;
Côtes de Bordeaux Saint-Macaire;
Côtes de Bourg;
Côtes de Duras;
Côtes de Gascogne;
Côtes de Landecy;
Côtes de Meuse;
Côtes de Millau;
Côtes de Montravel;
Côtes de Provence;
Côtes de Russin;
Côtes de Sambre et  Meuse;
Côtes de Thongue;
Côtes de Toul;
Côtes du Forez;
Côtes du Jura;
Côtes du Marmandais;
Côtes du Rhône;
Côtes du Rhône Villages;
Côtes du Roussillon;
Côtes du Roussillon  Villages;
Côtes du Tarn;
Côtes du Vivarais;
Côtes-de-l'Orbe;
Dafnes;
Dalmatinska zagora;
Dalmatinski pršut;
Damassine;
Danablu;
Danube Plain;
Daunia;
Dealu Bujorului;
Dealu Mare;
Dealurile Crişanei;
Dealurile Moldovei;
Dealurile Munteniei;
Dealurile Olteniei;
Dealurile Sătmarului;
Dealurile Transilvaniei;
Dealurile Vrancei;
Dealurile Zarandului;
Dehesa de Extremadura;
Dehesa del Carrizal;
Delia Nivolelli;
Desierto de Almería;
Deutscher Weinbrand;
Diano d'Alba;
Dingač;
Distillato di mele del Trentino;
Distillato di mele trentino;
DoTejo;
Dodekanese;
Dogliani;
Doi Chaang Coffee;
Doi Tung Coffee;
Dolceacqua;
Dolcetto d'Acqui;
Dolcetto d'Alba;
Dolcetto d'Asti;
Dolcetto di Diano d'Alba;
Dolcetto di Ovada;
Dolcetto di Ovada Superiore;
Dolenjska;
Dolenjski sadjevec;
Domaine de l'Abbaye;
Domači rum;
Dominio de Valdepusa;
Dorin;
Dortmunder Bier;
Douro;
Dragoevo;
Drama;
Drenthe;
Dresdner Christstollen;
Dresdner Stollen;
Dresdner Weihnachtsstollen;
Drôme;
Drăgăşani;
Duché d’Uzès;
Dugenta;
Dulces de la Ligua;
Duna-Tisza-közi;
Duna1;
Dunai;
Dunántúl;
Dunántúli;
Durello Lessini;
Duriense;
Durif;
Dão;
Dézaley;
Dézaley-Marsens;
Dôle;
EMPEDRADO;
Eau-de-vie de Cognac;
Eau-de-vie de Faugères;
Eau-de-vie de cidre de Bretagne;
Eau-de-vie de cidre de Normandie;
Eau-de-vie de cidre du Maine;
Eau-de-vie de poire du Valais;
Eau-de-vie de poiré de Normandie;
Eau-de-vie de vin de la Marne;
Eau-de-vie de vin des Côtes-du-Rhône;
Eau-de-vie de vin originaire du Bugey;
Eau-de-vie de vin originaire du Languedoc;
Eau-de-vie des Charentes;
Eau-de-vie d’abricot du Valais;
Echezeaux;
Edam Holland;
Eger;
Egri;
Eisenberg;
Eivissa;
El Carmen;
El Hierro;
El Terrerazo;
Elba;
Elba Aleatico Passito;
Elia Kalamatas;
Eloro;
Emilia;
Emmental de Savoie;
Empedrado;
Empordà;
Emsländer Korn/Kornbrand;
Encostas d’Aire;
Entraygues - Le Fel;
Entre-deux-Mers;
Epanomi;
Epirus;
Epomeo;
Erice;
Ermitage;
Ermitage du Valais;
Esino;
Esrom;
Essence de lavande de Haute-Provence;
Est! Est!! Est!!! di Montefiascone;
Estaing;
Estepa;
Estonian vodka;
Etschtaler;
Ettaler Klosterlikör;
Etyek-Buda;
Etyek-Budai;
Euskal Okela;
Evia;
Evros;
Extremadura;
Falanghina del Sannio;
Falerio;
Falerno del Massico;
Fara;
Faro;
Faugères;
Felső-Magyarország;
Felső-Magyarországi;
Fendant;
Feta;
Fiano di Avellino;
Fiefs Vendéens;
Finca Élez;
Fine Bordeaux;
Fine de Bourgogne;
Finnish  berry liqueur;
Finnish fruit liqueur;
Finsk Bärlikör;
Finsk Fruktlikör;
Finsk Vodka;
Fior d'Arancio Colli Euganei;
Fitou;
Fixin;
Fleurie;
Flevoland;
Floc de Gascogne;
Florina;
Fontanarossa di Cerda;
Fontina;
Forlì;
Formaggio d'alpe ticinese;
Formaggio d’alpe glaronese;
Formentera;
Fortana del Taro;
Fourme d'Ambert;
Fourme de Cantal;
Framboise d'Alsace;
Franche-Comté;
Franciacorta;
Frascati;
Frascati Superiore;
Freiburger Safranbrot;
Freisa d'Asti;
Freisa di Chieri;
Friesland;
Friulano;
Friularo di Bagnoli;
Friuli Annia;
Friuli Aquileia;
Friuli Colli Orientali;
Friuli Grave;
Friuli Isonzo;
Friuli Latisana;
Fromage d'alpage glaronais;
Fromage de Bellelay;
Fromage de Herve;
Fronsac;
Frontignan;
Fronton;
Fruchtgenever;
Frusinate;
Fränkischer Obstler;
Fränkisches Kirschwasser;
Fränkisches Zwetschgenwasser;
Fthiotida;
Fumé;
Fyn;
GINSENG COREANO;
Gabiano;
Gaillac;
Gaillac premières côtes;
Galatina;
Galluccio;
Gambellara;
Gard;
Garda;
Garda Bresciano;
Garda Colli Mantovani;
Garnacha;
Garzón;
Gascogne;
Gattinara;
Gavi;
Gelderland;
Genazzano;
Genepì del Piemonte;
Genepì della Valle d'Aosta;
Genepì delle Alpi;
Genever;
Genièvre;
Genièvre Flandres Artois;
Genièvre aux fruits;
Genièvre de grains;
Genziana del Trentino;
Genziana dell'Alto Adige;
Genziana trentina;
Genève;
Gerania;
Gers;
Getariako Txakolina;
Gevrey-Chambertin;
Gewurztraminer;
Ghemme;
Gin de Mahón;
Ginseng coreano;
Gioia del Colle;
Girò di Cagliari;
Givry;
Glarner Alpkäse;
Glarner Kalberwurst;
Glarus;
Gluay Hin Bannang Sata;
Glyko Triantafyllo Agrou;
Golfo del Tigullio - Portofino;
Gorgonzola;
Goriška Brda;
Goron;
Gouda Holland;
Goumenissa;
Gozo;
Graangenever;
Graanjenever;
Graciosa;
Gran Canaria;
Grana Padano;
Granada;
Grance Senesi;
Grand Carraz;
Grand Roussillon;
Grande Vidure;
Grands-Echezeaux;
Grappa;
Grappa Ticino;
Grappa del Friuli;
Grappa del Piemonte;
Grappa del Trentino;
Grappa del Veneto;
Grappa dell'Alto Adige;
Grappa della Lombardia;
Grappa di Barolo;
Grappa di Sicilia;
Grappa friulana;
Grappa lombarda;
Grappa piemontese;
Grappa siciliana;
Grappa trentina;
Grappa veneta;
Graubünden;
Gravensteiner dell'Alto  Adige;
Graves;
Graves de Vayres;
Graviera Kritis;
Graviera Naxou;
Gravina;
Greco di Bianco;
Greco di Tufo;
Grenache;
Grevena;
Grigioni;
Grignan-les-Adhémar;
Grignolino del Monferrato Casalese;
Griotte-Chambertin;
Groningen;
Gros Plant du Pays nantais;
Grottino di Roccanova;
Grozdova  rakya from Pomorie;
Grozdova  rakya from Suhindol;
Grozdova  rakya from Sungurlare;
Grozdova Rakya  from Karlovo;
Grozdova rakya from  Sliven;
Gruyère;
Guijoso;
Guijuelo;
Gutturnio;
Gyulai kolbász / Gyulai pároskolbász;
Génisse Fleur d'Aubrac;
Génépi des Alpes;
Gönci Barackpálinka;
Għawdex;
HIJUELAS;
Hagelandse wijn;
Hajós-Baja;
Halikouna;
Halkidiki;
Hamburger Kümmel;
Harsovo;
Haselünner Korn/Kornbrand;
Hasetaler Korn/Kornbrand;
Haskovo;
Haspengouwse wijn;
Hasselt;
Hasseltse jenever;
Haut-Montravel;
Haut-Médoc;
Haut-Poitou;
Haute Vallée de l'Aude;
Haute Vallée de l'Orb;
Haute-Marne;
Haute-Vienne;
Hautes-Alpes;
Heida;
Herbal vodka from the North Podlasie Lowland  aromatised with an extract of bison grass;
Herbero de la Sierra de Mariola;
Hermitage;
Hermitage du Valais;
Hessische Bergstraße;
Heuvellandse wijn;
Hierbas Ibicencas;
Hijuelas;
Hisarya;
Histonium;
Holly;
Holly Mount Athos;
Holsteiner Katenrauchschinken;
Holsteiner Katenschinken;
Holsteiner Knochenschinken;
Holsteiner Schinken;
Hopfen aus der Hallertau;
Horincă de Cămârzana;
Hrvatska;
Hrvatska Istra;
Hrvatska loza;
Hrvatska stara šljivovica;
Hrvatska travarica;
Hrvatski pelinkovac;
Hrvatsko Podunavlje;
Hrvatsko primorje;
Huile d'olive de Haute-Provence;
Huile de noix vaudoise;
Huile essentielle de lavande de Haute-Provence;
Huîtres Marennes Oléron;
Huşi;
Hüttentee;
I Terreni di Sanseverino;
ILLAPEL;
ISLA DE MAIPO;
Iaşi;
Ibiza;
Idiazabal;
Ikaria;
Ilia;
Ilion;
Illa de Menorca;
Illapel;
Illes Balears;
Imathia;
Imokilly Regato;
Indicación geográfica;
Inländerrum;
Ioannina;
Iraklio;
Irancy;
Irish Cream;
Irish Poitín;
Irish Poteen;
Irish Whiskey;
Irish Whisky;
Irouléguy;
Irpinia;
Ischia;
Isla de Maipo;
Isla de Menorca;
Islas Canarias;
Ismaros;
Isola dei Nuraghi;
Isonzo del Friuli;
Istarski pršut;
Istočna kontinentalna  Hrvatska;
Istrski pršut;
Isère;
Ivaylovgrad;
Izsáki Arany Sárfehér;
Jabugo;
Jagatee;
Jagertee;
Jambon cru du Valais;
Jambon d'Ardenne;
Jambon de Bayonne;
Jambon de la Borne;
Jamón de Teruel/ Paleta de Teruel;
Jamón de Trevélez;
Jasnières;
Jenever;
Jenever met  vruchten;
Jerez;
Jerez-Xérès-Sherry;
Jijona;
Johannisberg du Valais;
Jonge jenever;
José Ignacio;
Juanico;
Juliénas;
Jumilla;
Jura;
Jurançon;
Južnoslovenská;
Južnoslovenské;
Južnoslovenský;
Jylland;
Jägertee;
KIMCHI COREANO;
Kabanosy;
Kalamata;
Kalocsai fűszerpaprika-őrlemény;
Kalterer;
Kamptal;
Kaowong Kalasin Sticky Rice;
Karditsa;
Karlovo;
Karlovska grozdova rakya;
Karnobat;
Karpatská perla;
Karystos;
Kasseri;
Kastoria;
Kathoh-Hor-Bangkrang;
Kavala;
Kecskeméti Barackpálinka;
Kefalograviera;
Khan Krum;
Khao Jek Chuey Sao Hai;
Khao Kum Lanna;
Khao Leuang Patew Chumphon;
Kimchi coreano;
Kirsch Friulano;
Kirsch Trentino;
Kirsch d'Alsace;
Kirsch de Fougerolles;
Kirsch dell'Alto Adige;
Kirschwasser Friulano;
Kirschwasser Trentino;
Kissamos;
Kitro of Naxos;
Klimenti;
Kohkret Potte;
Kolymvari Chanion Kritis;
Konservolia Rovion;
Korinthia;
Korinthiaki Stafida Vostitsa;
Korinthos;
Korn/Kornbrand;
Kos;
Koum Kouat of Corfu;
Kozani;
Krania;
Kranjska klobasa;
Krannona;
Kras;
Krasohoria Lemesou;
Krasohoria Lemesou - Afames;
Krasohoria Lemesou - Laona;
Kraška pancetta;
Kraški pršut;
Kraški zašink;
Kremstal;
Krokos Kozanis;
Krčki pršut;
Kulmbacher Bier;
Kunság;
Kunsági;
Káli;
Kärnten;
Kölsch;
Kως;
L'Etivaz;
L'Etoile;
L'Hermitage;
LA ESTRELLA;
LA SERENA;
LAMPA;
LICANTEN;
LINARES;
LITUECHE;
LLAILLAY;
LO ABARCA;
LOLOL;
LONGAVI;
LOS LINGUES;
La Caballada;
La Cruz;
La Côte;
La Estrella;
La Feuillée;
La Gomera;
La Grande Rue;
La Mancha;
La Palma;
La Puebla;
La Romanée;
La Serena;
La Tâche;
Lac de Bienne;
Lacrima di Morro;
Lacrima di Morro d'Alba;
Laderas del Genil;
Ladoix;
Lafões;
Lago di Caldaro;
Lago di Corbara;
Lagoa;
Lagos;
Lakonia;
Lalande-de-Pomerol;
Lambrusco Grasparossa di Castelvetro;
Lambrusco Mantovano;
Lambrusco Salamino  di Santa Croce;
Lambrusco di Sorbara;
Lamezia;
Lampa;
Lamphun Brocade Thai Silk;
Landes;
Landwein Main;
Landwein Neckar;
Landwein Oberrhein;
Landwein Rhein;
Landwein Rhein Neckar;
Landwein der Mosel;
Landwein der Ruwer;
Landwein der Saar;
Langhe;
Langosta de Juan Fernández;
Languedoc;
Lanzarote;
Laona Akama;
Lard sec du Valais;
Larnaka;
Las Brujas;
Las Violetas;
Lasithi;
Latricières Chambertin;
Laujar-Alpujarra;
Lavaux;
Lavilledieu;
Lazio;
Lebrija;
Lechinţa;
Lefkada;
Lefkosia;
Leithaberg;
Lemesos;
Lentille verte du Puy;
Les Baux de Provence;
Les Garrigues;
Lessini Durello;
Lessona;
Lesvos;
Letrini;
Leverano;
Licor café de Galicia;
Licor de hierbas de Galicia;
Liechtensteiner Alpkäse;
Liechtensteiner Sauerkäse;
Liguria di Levante;
Lilantio Field;
Lilantio Pedio;
Limburg;
Limnos;
Limoux;
Limón de Pica;
Linares;
Linguiça de Vinhais;
Lipuda;
Liquore di limone della Costa d'Amalfi;
Liquore di limone di Sorrento;
Lirac;
Lisboa;
Lison;
Lison-Pramaggiore;
Listrac-Médoc;
Litoměřická;
Litueche;
Lizzano;
Liébana;
Llaillay;
Llonganissa de Vic;
Loazzolo;
Locorotondo;
Locride;
Lolol;
Lom;
Lomas De La Paloma;
Longavi;
Longeole;
Los Balagueses;
Los Cerrillos;
Los Cerros De San Juan;
Los Palacios;
Los Pedroches;
Lot;
Loukoumi Geroskipou;
Loupiac;
Lovech;
Loveshka slivova rakya;
Lozitsa;
Luberon;
Lugana;
Lussac Saint-Emilion;
Luzern;
Lyaskovets;
Lygourio Asklipiiou;
Lyubimets;
Lübecker Marzipan;
MACHALI;
MARCHIGUE;
MARIA PINTO;
MELIPILLA;
MEZCAL;
MOLINA;
MONTE PATRIA;
MULCHEN;
Macedonia;
Machalí;
Macvin du Jura;
Madeira;
Madeira Wein;
Madeira Wijn;
Madeira Wine;
Madeirense;
Madera;
Madère;
Mae Jaem Teen Jok Fabric;
Magiun de prune Topoloveni;
Magnisia;
Mahón-Menorca;
Malanotte del Piave;
Malbec;
Malbeck;
Malbek;
Malepère;
Mallorca;
Malokarpatská;
Malokarpatské;
Malokarpatský;
Malta;
Maltese Islands;
Malvasia;
Malvasia Paros;
Malvasia Sitia;
Malvasia delle Lipari;
Malvasia di Bosa;
Malvasia di Casorzo;
Malvasia di Casorzo  d'Asti;
Malvasia di Castelnuovo Don Bosco;
Malvasia Πάρος;
Malvasia Σητείας;
Malvasia Χάνδακας Candia;
Malvoisie du Valais;
Mamertino;
Mamertino di Milazzo;
Mandement de Jussy;
Mandrolisai;
Manga;
Manouri;
Mantinia;
Mantzavinata;
Manzanilla;
Manzanilla-Sanlúcar  de Barrameda;
Maranges;
Marc d'Alsace Gewurztraminer;
Marc d'Auvergne;
Marc de Bourgogne/Eau-de-vie de marc de  Bourgogne;
Marc de Champagne/Eau-de-vie de marc de  Champagne;
Marc de Provence;
Marc de Savoie;
Marc des Côtes-du-Rhône/Eau-de-vie de marc des  Côtes du Rhône;
Marc du Bugey;
Marc du Languedoc;
Marca Trevigiana;
Marche;
Marchigue;
Marcillac;
Maremma toscana;
Margaux;
Mariazeller Magenlikör;
Marille dell'Alto Adige;
Marino;
Markopoulo;
Marmilla;
Maroilles;
Marolles;
Marsala;
Marsannay;
Marsanne;
Martina;
Martina Franca;
Martino;
María Pinto;
Masticha Chiou;
Masticha of Chios;
Mataro;
Matera;
Matino;
Maures;
Maury;
Mavrodaphne of Kefalonia;
Mavrodaphni of Patra;
Mazis-Chambertin;
Mazoyères Chambertin;
Maíz Lluteño;
Mecklenburger Landwein;
Mehedinţi;
Mela Alto Adige;
Mela Val di Non;
Melipilla;
Melissa;
Melnik;
Menetou-Salon;
Menfi;
Mercurey;
Merlara;
Merlot;
Mesenikola;
Messinia;
Metaxata;
Meteora;
Metliška črnina;
Metsovo;
Meunier N;
Meursault;
Mikulovská;
Minervois;
Minervois-la-Livinière;
Miniş;
Mirabelle d'Alsace;
Mirabelle de Lorraine;
Mirto di Sardegna;
Mittelburgenland;
Mitteldeutscher Landwein;
Mittelrhein;
Mitterberg;
Modena;
Molas;
Molina;
Molise;
Monastrell;
Monbazillac;
Mondéjar;
Monemvasia;
Monferrato;
Monica di Sardegna;
Monreale;
Mont Athos;
Mont Caume;
Montagne-Saint Emilion;
Montagny;
Montana;
Montasio;
Monte Patria;
Montecarlo;
Montecastelli;
Montecompatri;
Montecompatri Colonna;
Montecucco;
Montecucco Sangiovese;
Montefalco;
Montello;
Montello - Colli Asolani;
Montello Rosso;
Montenetto di Brescia;
Montepulciano d'Abruzzo Colline Teramane;
Montepulciano d’Abruzzo;
Monteregio di Massa  Marittima;
Monterrei;
Montescudaio;
Monthélie;
Monti Lessini;
Montilla-Moriles;
Montlouis-sur-Loire;
Montrachet;
Montravel;
Montsant;
Morava;
Morbier;
Morellino di Scansano;
Morey-Saint-Denis;
Morgon;
Mortadella Bologna;
Moscadello di Montalcino;
Moscatel Rosada;
Moscatel de Alejandría;
Moscatel de Austria;
Moscato di Pantelleria;
Moscato di Sardegna;
Moscato di Scanzo;
Moscato di Sennori;
Moscato di Sorso;
Moscato di Sorso - Sennori;
Moscato di Terracina;
Moscato di Trani;
Mosel;
Moselle;
Moselle Luxembourgeoise;
Moslavina;
Moulin-à-Vent;
Moulis;
Moulis-en-Médoc;
Mount Athos;
Mountain Athos;
Mourvedre;
Mozzarella di Bufala Campana;
Mulchén;
Munder Safran;
Munster;
Munster-Géromé;
Murcia;
Murfatlar;
Murgia;
Muscadet;
Muscadet Coteaux de  la Loire;
Muscadet Côtes de  Grandlieu;
Muscadet Sèvre et Maine;
Muscat de Beaumes de-Venise;
Muscat de Céphalonie;
Muscat de Frontignan;
Muscat de Lunel;
Muscat de Mireval;
Muscat de Rivesaltes;
Muscat de Saint-Jean de-Minervois;
Muscat du Cap Corse;
Muscat of Kefalonia;
Muscat of Limnos;
Muscat of Patra;
Muscat of Rodos;
Muscatova rakya from Straldja;
Musigny;
Málaga;
Mátra;
Mátrai;
Mâcon;
Méditerranée;
Médoc;
Méntrida;
Mór;
Móri;
Münchener Bier;
Münchener Kümmel;
Münsterländer Korn/Kornbrand;
Mělnická;
NANCAGUA;
Nafarroako Aratxea;
Nagy-Somló;
Nagy-Somlói;
Nahe;
Nahegauer Landwein;
Nakonchaisri Pomelo;
Nancagua;
Nanglae Pineapple;
Naoussa;
Nardò;
Narni;
Nasco di Cagliari;
Navarra;
Nea Mesimvria;
Nebbiolo;
Nebbiolo d'Alba;
Negroamaro di Terra  d'Otranto;
Nemea;
Neszmély;
Neszmélyi;
Nettuno;
Neuchâtel;
Neufchâtel;
Neusiedlersee;
Neusiedlersee Hügelland;
Nicoreşti;
Nidwalden;
Niederösterreich;
Nielluccio;
Nitrianska;
Nitrianske;
Nitriansky;
Nocino di Modena;
Noix de Grenoble;
Nont Durian;
Noord-Brabant;
Noord-Holland;
Norte de Almería;
Nostrano;
Noto;
Nova Zagora;
Novi Pazar;
Novo Selo;
Novosedelské;
Nuits-Saint-Georges;
Nuragus di Cagliari;
Nurra;
Nürnberger Bratwürste;
Nürnberger Glühwein;
Nürnberger Lebkuchen;
Nürnberger Rostbratwürste;
O' de Flander-Oost-Vlaamse Graanjenever;
OVALLE;
Oberösterreich;
Obstler dell'Alto Adige;
Obwalden;
Odobeşti;
Offida;
Olevano Romano;
Oli de Terra Alta;
Oli del Baix Ebre-Montsià;
Oltina;
Oltrepò Pavese;
Oltrepò Pavese Pinot  grigio;
Oltrepò Pavese metodo classico;
Oporto;
Opountia Locris;
Orcia;
Original Lithuanian vodka;
Originali lietuviška degtinė;
Orléans;
Orléans-Cléry;
Ormeasco di Pornassio;
Orta Nova;
Ortona;
Ortrugo;
Orujo de Galicia;
Orvietano Rosso;
Orvieto;
Oryahovitsa;
Orégano de Putre;
Osco;
Ostfriesischer Korngenever;
Ostpreußischer Bärenfang;
Ostuni;
Oude jenever;
Ouzo;
Ouzo of Kalamata;
Ouzo of Macedonia;
Ouzo of Mitilene;
Ouzo of Plomari;
Ouzo of Thrace;
Ovada;
Ovalle;
Overijssel;
Oύζο;
PAIGUANO;
PALMILLA;
PANQUEHUE;
PAREDONES;
PARRAL;
PENCAHUE;
PERALILLO;
PEUMO;
PIRQUE;
PISCO;
PORTEZUELO;
PUENTE ALTO;
PUMANQUE;
PUNITAQUI;
Pacharán navarro;
Pacherenc du Vic-Bilh;
Paestum;
Paggeo;
Pago Florentino;
Pago de Arínzano;
Paiguano;
Pain de seigle valaisan;
Pajarete;
Pakpanang Tabtimsiam Pomelo;
Palette;
Palizzi;
Pallini;
Palmela;
Palmilla;
Palo de Mallorca;
Pancetta Piacentina;
Panciu;
Pangeon;
Pannon;
Pannonhalma;
Pannonhalmi;
Panquehue;
Pantelleria;
Paredones;
Parmigiano Reggiano;
Paros;
Parral;
Parrina;
Parteolla;
Paso Cuello;
Passito di Pantelleria;
Pasta di Gragnano;
Patra;
Pauillac;
Pavlikeni;
Pays d'Hérault;
Pays d'Oc;
Pazardjik;
Païen;
Pecorino Romano;
Pecorino Toscano;
Pedro Jiménez;
Pedro Ximénez;
Peket-Pekêt;
Pelinkovec;
Pella;
Pellaro;
Peloponnese;
Pencahue;
Penedès;
Penisola Sorrentina;
Pentro di Isernia;
Península de Setúbal;
Peralillo;
Pergola;
Pernand-Vergelesses;
Perushtitsa;
Pessac-Léognan;
Petit Chablis;
Petit verdot;
Petite Syrah;
Peumo;
Peza;
Peza Irakliou Kritis;
Pfalz;
Pfälzer Landwein;
Pfälzer Weinbrand;
Phanat Nikhom Basketry;
Phet Rose Apple;
Phetchabun Sweet Tamarind;
Phthiotis;
Phuket Pineapple;
Phurua Plateau Wine;
Piave;
Piave Malanotte;
Piceno;
Pico;
Piemonte;
Pieria;
Pierrevert;
Pietroasa;
Piglio;
Pimentón de Murcia;
Pimentón de la Vera;
Pineau des Charentes;
Pinerolese;
Pinot Meunier;
Pinot blanc;
Pinot blanco;
Pinot grigio;
Pinot gris;
Pinot negro;
Pinot nero dell'Oltrepò Pavese;
Pinot noir;
Pirque;
Pisatis;
Pitsilia;
Pla de Bages;
Pla i Llevant;
Planargia;
Plate de Florenville;
Pleven;
Plešivica;
Plovdiv;
Podravje;
Poire à Botzi;
Pokuplje;
Polish Vodka;
Polska Wódka;
Polvorones de Estepa;
Pomerol;
Pomino;
Pommard;
Pommeau de Normandie;
Pommeau du Maine;
Pomodoro S. Marzano dell'Agro Sarnese-Nocerino;
Pomorie;
Pomoriyska grozdova rakya;
Pompeiano;
Poncha da Madeira;
Pont-l'Évêque;
Pornassio;
Port;
Port Wine;
Portezuelo;
Portimão;
Porto;
Portofino;
Portugais bleu;
Portvin;
Portwein;
Portwijn;
Posavje;
Pouilly-Fuissé;
Pouilly-Fumé;
Pouilly-Loché;
Pouilly-Vinzelles;
Pouilly-sur-Loire;
Prado de Irache;
Praewa Kalasin Thai Silk;
Prekmurje;
Premières Côtes de  Bordeaux;
Presunto de Barrancos /Paleta de Barrancos;
Priego de Córdoba;
Prigorje-Bilogora;
Primitivo;
Primitivo di Manduria;
Primitivo di Manduria  Dolce Naturale;
Primorska;
Primorska Hrvatska;
Priorat;
Progreso;
Prosciutto Toscano;
Prosciutto de Capitán Pastene;
Prosciutto di Modena;
Prosciutto di Norcia;
Prosciutto di Parma;
Prosciutto di San Daniele;
Prosecco;
Provincia di Mantova;
Provincia di Nuoro;
Provincia di Pavia;
Provincia di Verona;
Provolone Valpadana;
Pruneaux d'Agen;
Pruneaux d'Agen mi-cuits;
Puente Alto;
Puisseguin Saint Emilion;
Puligny-Montrachet;
Pumanque;
Punitaqui;
Puy-de-Dôme;
Pylia;
Pálinka;
Pâté Gaumais;
Pèket-Pèkèt de Wallonie;
Pécharmant;
Pécs;
Périgord;
Pêra Rocha do Oeste;
Pălincă;
QUILLON;
QUILLOTA;
Quarts de Chaume;
Queijo Amarelo da Beira Baixa;
Queijo Picante da Beira Baixa;
Queijo S. Jorge;
Queijo Serra da Estrela;
Queijo de Castelo Branco;
Queijos da Beira Baixa;
Queixo Tetilla;
Quercy;
Queso Manchego;
Queso Tetilla;
Quetsch d'Alsace;
Quillota;
Quillón;
Quincy;
Quistello;
RAKI;
RANCAGUA;
RAUCO;
REGION AUSTRAL;
REGION DE ACONCAGUA;
REGION DE ATACAMA;
REGION DE COQUIMBO;
REGION DEL SUR;
RENGO;
REQUINOA;
RETIRO;
RIO HURTADO;
ROMERAL;
Raclette du Valais;
Ragusano;
Ramandolo;
Rancagua;
Rapsani;
Rasteau;
Ratafia catalana;
Ratafia de Champagne;
Rauco;
Ravenna;
Reblochon;
Reblochon de Savoie;
Recaş;
Recioto della Valpolicella;
Recioto di Gambellara;
Recioto di Soave;
Regensburger Landwein;
Reggiano;
Región de Aconcagua;
Región de Atacama;
Región de Coquimbo;
Región del Sur;
Región del Valle Central;
Rengo;
Reno;
Requinoa;
Rethimno;
Retiro;
Retsina of  Pikermi;
Retsina of  Spata;
Retsina of Attiki;
Retsina of Evoia;
Retsina of Gialtra;
Retsina of Halkida;
Retsina of Karystos;
Retsina of Koropi;
Retsina of Koropi Attiki;
Retsina of Markopoulo;
Retsina of Megara;
Retsina of Mesogia;
Retsina of Paiania;
Retsina of Paiania Attiki;
Retsina of Pikermi;
Retsina of Thebes;
Retsina of Viotia;
Reuilly;
Rheinberger Kräuter;
Rheinburgen Landwein;
Rheingau;
Rheingauer Landwein;
Rheinhessen;
Rheinischer Landwein;
Rheintaler Ribel;
Rhodes;
Rhum de la Guadeloupe;
Rhum de la Guyane;
Rhum de la Martinique;
Rhum de la Réunion;
Rhum de sucrerie de la Baie du Galion;
Rhum des Antilles françaises;
Rhum des départements français d'outre-mer;
Ribeira Sacra;
Ribeiro;
Ribera del Andarax;
Ribera del Duero;
Ribera del Guadiana;
Ribera del Gállego - Cinco Villas;
Ribera del Jiloca;
Ribera del Júcar;
Richebourg;
Riesi;
Riesling;
Rigi Kirsch;
Rincón De Olmos;
Rincón Del Colorado;
Rioja;
Ritsona;
Rivesaltes;
Riviera del Brenta;
Riviera del Garda Bresciano;
Riviera ligure di Ponente;
Robola of Kefalonia;
Roccamonfina;
Roero;
Roma;
Romagna;
Romagna Albana;
Romangia;
Romano;
Romanée-Conti;
Romeral;
Ronchi Varesini;
Ronchi di Brescia;
Ronmiel de Canarias;
Roquefort;
Rosato del Ticino;
Rosazzo;
Rosette;
Rossese di Dolceacqua;
Rosso Cònero;
Rosso Orvietano;
Rosso Piceno;
Rosso del Ticino;
Rosso della Val di Cornia;
Rosso di Cerignola;
Rosso di Montalcino;
Rosso di Montepulciano;
Rosso di Valtellina;
Rosé d'Anjou;
Rosé de Loire;
Rosé des Riceys;
Rotae;
Rougemont;
Roussanne;
Roussette de Savoie;
Roussette du Bugey;
Rubicone;
Rubino di Cantavenna;
Ruchottes Chambertin;
Ruchè di Castagnole  Monferrato;
Rueda;
Rully;
Rum da Madeira;
Ruse;
Régnié;
Rías Baixas;
Río Hurtado;
S. Anna di Isola Capo  Rizzuto;
SAGRADA FAMILIA;
SALAMANCA;
SAN CLEMENTE;
SAN ESTEBAN;
SAN FELIPE;
SAN FERNANDO;
SAN JAVIER;
SAN JUAN;
SAN RAFAEL;
SANTA CRUZ;
SANTA MARIA;
SANTIAGO;
SANTO DOMINGO;
SATSUMA;
SECANO INTERIOR;
SHAOXING;
Saale-Unstrut;
Saarländischer Landwein;
Sabbioneta;
Sachsen;
Sagrada Familia;
Saint-Amour;
Saint-Aubin;
Saint-Bris;
Saint-Chinian;
Saint-Emilion;
Saint-Emilion Grand  Cru;
Saint-Estèphe;
Saint-Georges-Saint Emilion;
Saint-Guilhem-le Désert;
Saint-Joseph;
Saint-Julien;
Saint-Marcellin;
Saint-Mont;
Saint-Nectaire;
Saint-Pourçain;
Saint-Péray;
Saint-Romain;
Saint-Sardos;
Saint-Véran;
Sainte-Croix-du-Mont;
Sainte-Foy-Bordeaux;
Sainte-Marie-la Blanche;
Sainte-Maure de Touraine;
Sakar;
Sakon Dhavapi Haang Golden Aromatic Rice;
Sal de Cáhuil, Boyeruca Lo Valdivia;
Salam de Sibiu;
Salamanca;
Salamini italiani alla cacciatora;
Salaparuta;
Salchichón de Vic;
Salemi;
Salento;
Salice Salentino;
Salina;
Salvagnin;
Samanė;
Sambuca di Sicilia;
Samoborski bermet;
Samos;
Samutsongkhram Kom Lychee;
San Clemente;
San Colombano;
San Colombano al Lambro;
San Esteban;
San Felipe;
San Fernando;
San Gimignano;
San Ginesio;
San Javier;
San José;
San Juan;
San Martino della Battaglia;
San Rafael;
San Severo;
San Torpè;
Sancerre;
Sandanski;
Sandía de Paine;
Sangiovese;
Sangue di Giuda;
Sangue di Giuda dell'Oltrepò Pavese;
Sangyod Maung Phatthalung Rice;
Sannio;
Sant'Antimo;
Santa Cruz;
Santa Margherita di  Belice;
Santa María;
Santenay;
Santiago;
Santo Domingo;
Santorini;
Santos Lugares;
Sardegna Semidano;
Sarica Niculiţel;
Sauce;
Saucisse aux choux vaudoise;
Saucisse d'Ajoie;
Saucisse neuchâteloise;
Saucisson neuchâtelois;
Saucisson vaudois;
Saumur;
Saumur-Champigny;
Saussignac;
Sauternes;
Sauvignon blanc;
Sauvignon gris;
Sauvignon rose;
Sauvignon vert;
Savennières;
Savennières Coulée  de Serrant;
Savennières Roche  aux Moines;
Savigny-lès-Beaune;
Savoie;
Savuto;
Saône-et-Loire;
Sbrinz;
Scanzo;
Scavigna;
Schaffhausen;
Schleswig Holsteinischer Landwein;
Schwarzwälder Himbeergeist;
Schwarzwälder Mirabellenwasser;
Schwarzwälder Schinken;
Schwarzwälder Williamsbirne;
Schwarzwälder Zwetschgenwasser;
Schweiz;
Schweizer Schokolade;
Schwyz;
Schwäbische Knöpfle;
Schwäbische Spätzle;
Schwäbischer Landwein;
Sciacca;
Scotch Beef;
Scotch Whisky;
Scottish Farmed Salmon;
Sebeş-Apold;
Sebino;
Secano Interior;
Segarcea;
Semillón;
Sendenhorster Korn/Kornbrand;
Septemvri;
Serenissima;
Serra de Tramuntana Costa Nord;
Serrapetrona;
Serres;
Setúbal;
Seyssel;
Sforzato di Valtellina;
Sfursat di Valtellina;
Sherry;
Shiraz;
Shivachevo;
Shumen;
Siatista;
Sibiola;
Sicilia;
Sidra d'Asturies;
Sidra de Asturias;
Sierra De La Ballena;
Sierra De Mahoma;
Sierra Mágina;
Sierra Norte de Sevilla;
Sierra Sur de Jaén;
Sierra de Cazorla;
Sierra de Cádiz;
Sierra de Salamanca;
Sierra de Segura;
Sierras de Las Estancias y Los Filabres;
Sierras de Málaga;
Sillaro;
Siracusa;
Sirah;
Sithonia;
Sitia;
Sitia Lasithiou Kritis;
Siurana;
Sizzano;
Sjeverna Dalmacija;
Sjælland;
Slavonija;
Slavonska šljivovica;
Slavyantsi;
Sliven;
Slivenska grozdova rakya;
Slivenska perla;
Slivova rakya from  Lovech;
Slivova rakya from  Troyan;
Sliwovitz del Friuli-Venezia Giulia;
Sliwovitz del Trentino;
Sliwovitz trentino;
Slopes of Aigialia;
Slopes of Ainos;
Slopes of Kithaironas;
Slopes of Knimida;
Slopes of Meliton;
Slopes of Paiko;
Slopes of Parnitha;
Slopes of Pendeliko;
Slopes of Vertiskos;
Slopes of ampelos;
Slovenska Istra;
Slovenská;
Slovenské;
Slovenský;
Slovácká;
Slámové víno;
Soave;
Soave Superiore;
Sobrasada de Mallorca;
Solothurn;
Som-O Khao Yai Samutsongkram;
Somló;
Somlói;
Somontano;
Sopron;
Soproni;
Southern Black Sea Coast;
Sovana;
Spata;
Speck Alto Adige;
Spello;
Spišská borovička;
Spoleto;
Squinzano;
Srednja i Južna Dalmacija;
Sriracha Pineapple;
St. Gallen;
St. Galler Alpkäse;
St. Galler Bratwurst;
St. Galler Kalbsbratwurst;
Stambolovo;
Stara Zagora;
Starkenburger Landwein;
Steiermark;
Steinfelder Magenbitter;
Steinhäger;
Steirerland;
Steirischer Kren;
Steirisches Kürbiskernöl;
Sterea Ellada;
Straldjanska Muscatova  rakya;
Stredoslovenská;
Stredoslovenské;
Stredoslovenský;
Strevi;
Struma valley;
Suarez;
Suhindol;
Suhindolska grozdova rakya;
Suisse;
Sungurlare;
Sungurlarska grozdova rakya;
Suomalainen  Hedelmälikööri;
Suomalainen Marjalikööri;
Suomalainen Vodka;
Suratthani Oyster;
Surin Hom Mali Rice;
Suvereto;
Svensk Akvavit;
Svensk Aquavit;
Svensk Punsch;
Svensk Vodka;
Svishtov;
Swedish Aquavit;
Swedish Punch;
Swedish Vodka;
Swiss;
Syrah;
Szabolcsi Almapálinka;
Szatmári Szilvapálinka;
Szegedi fűszerpaprika-őrlemény;
Szegedi paprika;
Szegedi szalámi;
Szegedi téliszalámi;
Szekszárd;
Szekszárdi;
Sâmbureşti;
Sächsischer Landwein;
Süd-Oststeiermark;
Südburgenland;
Südsteiermark;
Südtirol;
Südtiroler;
Südtiroler Apfel;
Südtiroler Enzian;
Südtiroler Grappa;
Südtiroler Gravensteiner;
Südtiroler Kirsch;
Südtiroler Marille;
Südtiroler Markenspeck;
Südtiroler Obstler;
Südtiroler Speck;
Südtiroler Williams;
Südtiroler Zwetschgeler;
TALAGANTE;
TALCA;
TENESSEE WHISKEY;
TEQUILA;
TIL TIL;
TRAIGUEN;
Tacoronte-Acentejo;
Talagante;
Talca;
Taleggio;
Tannat;
Tarantino;
Tarquinia;
Tarragona;
Taubertäler Landwein;
Taurasi;
Tavel;
Tavira;
Tavoliere;
Tavoliere delle Puglie;
Tegea;
Tejo;
Telemea de Ibăneşti;
Tempranillo;
Tentoura;
Teran;
Terasele Dunării;
Ternera Asturiana;
Ternera Gallega;
Ternera de Navarra;
Teroldego Rotaliano;
Terra Alta;
Terra d'Otranto;
Terra di Bari;
Terracina;
Terradeiforti;
Terralba;
Terras Madeirenses;
Terratico di Bibbona;
Terrazze Retiche di Sondrio;
Terrazze dell'Imperiese;
Terre Alfieri;
Terre Lariane;
Terre Siciliane;
Terre Tollesi;
Terre de L'Aquila;
Terre degli Osci;
Terre del Colleoni;
Terre del Volturno;
Terre dell'Alta Val d'Agri;
Terre di Casole;
Terre di Chieti;
Terre di Cosenza;
Terre di Offida;
Terre di Pisa;
Terre di Veleja;
Tettnanger Hopfen;
Thapsana;
Tharros;
Thasos;
Thermenregion;
Thessalia;
Thessaloniki;
Thiva;
Thrace;
Thracian Lowlands;
Thunersee;
Thung Kula Rong-Hai Thai Hom Mali Rice;
Thurgau;
Thézac-Perricard;
Thüringer Glühwein;
Thüringer Rostbratwurst;
Ticino;
Tierra de León;
Tierra del Vino de Zamora;
Tihany;
Tihanyi;
Til Til;
Tirol;
Tiroler Bergkäse;
Tiroler Graukäse;
Tiroler Speck;
Todi;
Tokaj;
Tokaji;
Tolna;
Tolnai;
Tomme de Savoie;
Tomme des Pyrénées;
Torgan;
Torgiano;
Torgiano Rosso Riserva;
Toro;
Torontel;
Torreperogil;
Torres Vedras;
Torrontés;
Torrontés Riojano;
Torta del Casar;
Toscana;
Toscano;
Touraine;
Touraine Noble Joué;
Touriga nacional;
Traiguén;
Traisental;
Trang Roast Pork;
Transmontano;
Trasimeno;
Trauktinė;
Trauktinė Dainava;
Trauktinė Palanga;
Trebbiano d'Abruzzo;
Trentino;
Trento;
Trexenta;
Trifilia;
Troyanska slivova rakya;
Trás-os-Montes;
Tsikoudia;
Tsikoudia of Crete;
Tsipouro;
Tsipouro of Thessaly;
Tsipouro of Tyrnavos;
Tullum;
Turrón de Alicante;
Tursan;
Tuscia;
Txakolí de Bizkaia;
Txakolí de Getaria;
Txakolí de Álava;
Tyrnavos;
Távora-Varosa;
Târnave;
Tête de Moine;
Törkölypálinka;
Türggen Ribel;
Uclés;
Uisce Beatha Eireannach;
Umbria;
Urfé;
Uri;
Utiel-Requena;
Utrecht;
VALLE DE CASABLANCA;
VALLE DE COPIAPO;
VALLE DE CURICO;
VALLE DE HUASCO;
VALLE DE LEYDA;
VALLE DE LONTUE;
VALLE DE OSORNO;
VALLE DE SAN ANTONIO;
VALLE DEL ACONCAGUA;
VALLE DEL BIO BIO;
VALLE DEL CACHAPOAL;
VALLE DEL CAUTIN;
VALLE DEL CHOAPA;
VALLE DEL CLARO;
VALLE DEL COLCHAGUA;
VALLE DEL ELQUI;
VALLE DEL ITATA;
VALLE DEL LIMARI;
VALLE DEL LOCOMILLA;
VALLE DEL MAIPO;
VALLE DEL MALLECO;
VALLE DEL MARGA-MARGA;
VALLE DEL MAULE;
VALLE DEL RAPEL;
VALLE DEL TENO;
VALLE DEL TUTUVEN;
VICHUQUEN;
VICUÑA;
VILLA ALEGRE;
VINO ASOLEADO;
Vacherin Mont-d'Or;
Vacherin fribourgeois;
Vacqueyras;
Val Polcèvera;
Val Tidone;
Val d'Arno di Sopra;
Val de Loire;
Val di Cornia;
Val di Cornia Rosso;
Val di Magra;
Val di Neto;
Val do Miño-Ourense;
Valais;
Valcalepio;
Valcamonica;
Valdadige;
Valdadige Terradeiforti;
Valdamato;
Valdarno di Sopra;
Valdejalón;
Valdeorras;
Valdepeñas;
Valdichiana toscana;
Valdinievole;
Valdobbiadene - Prosecco;
Valencia;
Valençay;
Vallagarina;
Valle Belice;
Valle d'Aosta;
Valle d'Itria;
Valle de Aconcagua;
Valle de Casablanca;
Valle de Colchagua;
Valle de Copiapó;
Valle de Curicó;
Valle de Güímar;
Valle de Leyda;
Valle de Osorno;
Valle de San Antonio;
Valle de la Orotava;
Valle del Bío Bío;
Valle del Cachapoal;
Valle del Cautín;
Valle del Choapa;
Valle del Cinca;
Valle del Claro;
Valle del Elqui;
Valle del Huasco;
Valle del Itata;
Valle del Limarí;
Valle del Loncomilla;
Valle del Lontué;
Valle del Maipo;
Valle del Malleco;
Valle del Marga-Marga;
Valle del Maule;
Valle del Rapel;
Valle del Teno;
Valle del Tirso;
Valle del Tutuvén;
Valles de Benavente;
Valles de Sadacia;
Valli Ossolane;
Valli di Porto Pino;
Vallée d'Aoste;
Vallée du Paradis;
Valpolicella;
Valpolicella Ripasso;
Valsusa;
Valtellina Superiore;
Valtellina rosso;
Valtiendas;
Valtènesi;
Var;
Varbitsa;
Varna;
Vaucluse;
Vaud;
Veau d'Aveyron et du Ségala;
Veau du Limousin;
Veliki Preslav;
Velkopavlovická;
Velletri;
Velvento;
Veneto;
Veneto Euganei e Berici;
Veneto Orientale;
Veneto Valpolicella;
Veneto del Grappa;
Venezia;
Venezia Giulia;
Ventoux;
Verdean of Zakynthos;
Verdejo;
Verdicchio dei Castelli  di Jesi;
Verdicchio di Matelica;
Verdicchio di Matelica  Riserva;
Verdot;
Verduno;
Verduno Pelaverga;
Vermentino;
Vermentino di Gallura;
Vermentino di Sardegna;
Vermouth de Chambéry;
Vermouth di Torino;
Vernaccia di Oristano;
Vernaccia di San Gimignano;
Vernaccia di Serrapetrona;
Verona;
Veronese;
Vesuvio;
Viande des Grisons;
Viande séchée du Valais;
Vichuquén;
Vicomté d'Aumelas;
Vicuña;
Vidin;
Vignanello;
Vigneti della Serenissima;
Vigneti delle Dolomiti;
Viile Caraşului;
Viile Timişului;
Villa Alegre;
Villa Del Carmen;
Villamagna;
"Villaviciosa de Córdoba";
Villány;
Villányi;
Vilniaus Džinas;
Vilnius Gin;
Vin Santo del Chianti;
Vin Santo del Chianti  Classico;
Vin Santo di Carmignano;
Vin Santo di Montepulciano;
Vin d'Alsace;
Vin de Bellet;
Vin de Corse;
Vin de Frontignan;
Vin de Madère;
Vin de Savoie;
Vin de pays des jardins de Wallonie;
Vin mousseux de qualité de Wallonie;
Vinagre de Jerez;
Vinars Murfatlar;
Vinars Segarcea;
Vinars Târnave;
Vinars Vaslui;
Vinars Vrancea;
Vinho Verde;
Vinho da Madeira;
Vino Asoleado;
Vino Nobile di Montepulciano;
Vino Shaoxing;
Vinohradnícka oblasť  Tokaj;
Vinos de Madrid;
Vins fins de la Côte de  Nuits;
Vinsobres;
Viognier;
Vipavska dolina;
Viré-Clessé;
Vitellone bianco dell'Appennino Centrale;
Vittoria;
Vlaamse;
Vlaamse landwijn;
Vodka of Finland;
Voiotias;
Volailles de Loué;
Volnay;
Vorarlberg;
Vorarlberger Bergkäse;
Vosne-Romanée;
Vougeot;
Vouni Panayias - Ampelitis;
Vouvray;
Vratsa;
Vruchtenjenever;
Vully;
Východoslovenská;
Východoslovenské;
Východoslovenský;
WHISKEY;
WHISKY CANADIENSE;
Wachau;
Wachauer Marillenbrand;
Wachauer Marillenlikör;
Wachauer Weinbrand;
Wagram;
Wallis;
Walliser Raclette;
Walliser Roggenbrot;
Walliser Rohschinken;
Walliser Trockenfleisch;
Walliser Trockenspeck;
Weinberg Dolomiten;
Weinland;
Weinviertel;
Welsh Beef;
Welsh lamb;
Werdenberger Sauerkäse;
West Country farmhouse Cheddar cheese;
Weststeiermark;
Whisky alsacien;
Whisky breton;
Whisky d'Alsace;
Whisky de Bretagne;
White Stilton cheese;
Wien;
Williams del Friuli;
Williams del Trentino;
Williams dell'Alto Adige;
Williams friulano;
Williams trentino;
Wódka  ziołowa z Niziny Północnopodlaskiej aromatyzowana  ekstraktem z trawy żubrowej;
Württemberg;
Xarello;
Xérès;
YUMBEL;
Yambol;
Ycoden-Daute-Isora;
Yecla;
Yok Mlabri Nan;
Yumbel;
ZAPALLAR;
Zadarski maraschino;
Zagarolo;
Zagorje – Međimurje;
Zakynthos;
Zalai;
Zampone Modena;
Zapadna;
Zapallar;
Zeeland;
Zemplén;
Zempléni;
Zinfandel;
Zitsa;
Zivania;
Znojemská;
Znojmo;
Zug;
Zuger Kirsch;
Zuger Kirschtorte;
Zuid-Holland;
Zwetschgeler dell'Alto Adige;
Zürich;
Zürichsee;
aachener;
abarca;
abbaye;
abricot;
abruzzo;
absinthe;
aceite;
aceituna;
acentejo;
aceto;
aconcagua;
acqui;
adhémar;
adige;
aegean;
afames;
affile;
agen;
aglianico;
agliano;
agri;
agro;
agrou;
aguardente;
aguardiente;
ahrtaler;
aigaio;
aigialia;
ainos;
aire;
aix;
ajoie;
akama;
akvavit;
alba;
albana;
albani;
alcoy;
aleatico;
alegre;
alejandría;
alentejano;
alentejo;
alfajor;
alfarería;
alfieri;
alicante;
alicantino;
aligoté;
allgäuer;
almapálinka;
almería;
aloxe;
alpage;
alpe;
alpes;
alpi;
alpkäse;
alpujarra;
alsace;
alsacien;
alta;
altenberg;
altiplano;
alto;
altotiberini;
amalfi;
amarelo;
amarone;
ambert;
amour;
ampelitis;
ampelos;
ancenis;
andarax;
anjou;
anna;
annia;
ansonica;
antilles;
antimo;
antonio;
anxi;
anís;
aosta;
aoste;
aperitivo;
apfel;
apold;
appennino;
appenzell;
appenzeller;
apple;
aprikot;
aprutini;
aprutino;
apuani;
aquavit;
aquila;
aquileia;
arabako;
aragón;
arancio;
arany;
aratxea;
ardenne;
argentario;
argeș;
arno;
arnon;
aromatic;
aromatised;
aromatyzowana;
artois;
arínzano;
asklipiiou;
asolani;
asoleado;
asolo;
asti;
asturiana;
asturias;
asturies;
atacama;
atalanti;
athos;
attiki;
atún;
aubance;
aubin;
aubrac;
aude;
auge;
aumelas;
aurit;
ausserrhoden;
austral;
austria;
auvergne;
auxey;
auxois;
avellino;
aveyron;
azafrán;
azapa;
azeite;
azeites;
badischer;
bagaceira;
bages;
bagnoli;
baie;
baillets;
bairrada;
baix;
baixa;
baixas;
baja;
bajo;
balagueses;
balaton;
balatonfüred;
balears;
balegemse;
ballena;
balsamico;
ban;
bangkrang;
bannang;
banu;
banyuls;
barackpálinka;
baranjski;
barbanza;
barbera;
barberà;
barco;
bardolino;
bari;
barolo;
baronnies;
barr;
barrameda;
barrancos;
basel;
basketry;
battaglia;
baux;
bayerische;
bayerischer;
bayerisches;
bayonne;
beatha;
beaumes;
beaune;
beauté;
beef;
beira;
bela;
belice;
bella;
bellegarde;
bellelay;
bellet;
benaco;
benavente;
benedettine;
benediktbeurer;
bergbieten;
bergerac;
bergheim;
bergkäse;
bergstraße;
berici;
berliner;
bermet;
berner;
berry;
beurre;
bianchello;
bianco;
bibbona;
bienne;
bienvenues;
bier;
bilh;
bilogora;
bio;
bison;
bizkaia;
bizkaiko;
black;
blanc;
blanca;
blanche;
blanco;
blaye;
bleu;
blue;
bodensee;
bolgheri;
bologna;
bolognesi;
bombino;
bonarda;
bonnes;
bor;
bordeaux;
borja;
borne;
borovička;
bosa;
bosco;
bossy;
botzi;
bouches;
bouchet;
bourdigny;
bourg;
bourgogne;
bourguignons;
bouschet;
boutenac;
boyeruca;
brabant;
brachetto;
branco;
brand;
brandy;
bratwurst;
bratwürste;
brda;
bremer;
brenta;
bresaola;
brescia;
bresciano;
bretagne;
breton;
brez;
breze;
brezel;
brezn;
brie;
brillat;
bris;
brissac;
brocade;
brouilly;
bruderthal;
brujas;
brunello;
buda;
budai;
budějovické;
budějovický;
bufala;
bugey;
bujorului;
bulgarsko;
burgunder;
buttafuoco;
bâtard;
bärenfang;
bärlikör;
bèze;
békési;
bío;
bœuf;
caballada;
cabernet;
cacc;
cacciatora;
cachapoal;
café;
cagliari;
caldaro;
calera;
calle;
calvados;
camembert;
campana;
campi;
campidano;
campo;
canadian;
canadiense;
canard;
canaria;
canarias;
candia;
canelón;
cangrejo;
cannellino;
cannonau;
canossa;
cantabria;
cantal;
cantavenna;
cantucci;
cantuccini;
cantueso;
cap;
capena;
capitán;
capo;
capriano;
caraşului;
carcassonne;
cardon;
carignano;
carmelo;
carmen;
carmignano;
carménère;
carne;
carraz;
carrizal;
carso;
cartagena;
casa;
casablanca;
casalese;
casar;
casavecchia;
casole;
casorzo;
cassis;
castagnole;
castel;
castelfranco;
castelli;
castelnuovo;
castelo;
castelvetro;
castilla;
catalana;
catalanes;
catalanesca;
caume;
cautin;
cautín;
cazorla;
cecina;
celadon;
central;
centrale;
cerasuolo;
cerda;
cerignola;
cerrillos;
cerro;
cerros;
cesanese;
cesar;
chaang;
chabichou;
chablis;
chacolí;
chainat;
chaiya;
chalon;
chambertin;
chambolle;
chambéry;
champagne;
champenois;
champigny;
chania;
chanion;
chapelle;
chapeu;
chardonnay;
charentes;
charitois;
charlemagne;
charmes;
charolles;
chassagne;
chaume;
chavignol;
cheddar;
cheese;
chenin;
cher;
chevalier;
cheverny;
chevrens;
chiang;
chiangmai;
chiangrai;
chianti;
chico;
chiemseer;
chieri;
chieti;
chilote;
chinian;
chios;
chiou;
chmel;
choapa;
chocolat;
chonnabot;
chorey;
chorizo;
choulex;
choully;
chouriça;
chouriço;
choux;
christstollen;
chuey;
chumphon;
château;
châteauneuf;
châtillon;
cid;
cidre;
cimini;
cinca;
cinco;
cinque;
cioccolato;
cisterna;
cité;
civitella;
clairette;
clare;
claro;
classico;
clemente;
clessé;
clos;
cléry;
coast;
coffee;
cognac;
coiffy;
colchagua;
colinele;
colle;
colleoni;
collex;
colli;
collina;
colline;
collines;
collio;
colombano;
colonna;
colorado;
comté;
comtés;
conca;
condado;
conegliano;
contea;
contessa;
conti;
copiapo;
copiapó;
coppa;
coquimbo;
corbara;
corbières;
cordero;
coreano;
corfu;
cornia;
corse;
cortese;
corti;
corton;
cosenza;
costa;
coste;
costers;
costières;
cot;
coteau;
coteaux;
cotechino;
coulée;
country;
cour;
cream;
crest;
crete;
criots;
crişanei;
croce;
croix;
crottin;
crozes;
cru;
cruz;
crémant;
csabai;
csopak;
csopaki;
cuello;
cuits;
culatello;
cumbres;
curico;
curicó;
custoza;
cádiz;
cáhuil;
céphalonie;
cítricos;
cítrics;
cònero;
córdoba;
côte;
côtes;
cămârzana;
dainava;
dalmacija;
dalmatinska;
dalmatinski;
daniele;
danube;
dardagny;
daute;
dealu;
dealurile;
degtinė;
dehesa;
del Frusinate;
del Molise;
del Vastese;
delia;
dell'Alto Adige;
delle Venezie;
denis;
desierto;
deutscher;
deux;
dhavapi;
di Modena;
diano;
dijon;
diois;
distillato;
dobrogei;
doi;
dolce;
dolceacqua;
dolcetto;
dolenjski;
dolina;
dolomiten;
dolomiti;
domaine;
domači;
domfrontais;
domingo;
dominio;
dorado;
dortmunder;
douro;
dresdner;
duché;
duero;
dulces;
duna;
dunării;
duras;
durello;
duresses;
durian;
départements;
désert;
dézaley;
dôme;
džinas;
eau;
ebre;
echezeaux;
edam;
eggs;
eichberg;
eireannach;
ekstraktem;
elba;
elia;
eliceo;
ellada;
elqui;
emilia;
emilion;
emmental;
emmentaler;
empolese;
emsländer;
encostas;
engelberg;
ensérune;
entellina;
entraygues;
enzian;
ermitage;
essence;
essentielle;
estancias;
esteban;
estepa;
estonian;
estrela;
estrella;
estèphe;
etivaz;
etoile;
etruria;
etruschi;
etrusco;
ettaler;
etyek;
euganei;
euskal;
evoia;
extract;
extremadura;
fabric;
faenza;
falanghina;
falerno;
familia;
farmed;
farmhouse;
faugères;
fel;
felipe;
felső;
felvidék;
felvidéki;
fernando;
fernández;
feuillée;
fiano;
fiefs;
field;
filabres;
finca;
fine;
finland;
finnish;
fins;
finsk;
fior;
flander;
flandres;
flegrei;
fleur;
floc;
florentino;
florenville;
florimont;
foie;
fontanarossa;
forez;
formaggio;
fortana;
fougerolles;
fourme;
foy;
framboise;
franc;
franca;
franche;
franco;
frankstein;
français;
françaises;
frascati;
freiburger;
freisa;
frentane;
fribourgeois;
friulana;
friulano;
friularo;
friuli;
froehn;
fromage;
frontignan;
fruit;
fruits;
fruktlikör;
frusinate;
fränkischer;
fränkisches;
fuissé;
fumé;
furstentum;
fűszerpaprika;
gaillac;
galicia;
galion;
gallega;
gallen;
galler;
gallura;
gambellara;
gard;
garda;
garrigues;
gascogne;
gaumais;
gavi;
gebirgsenzian;
geisberg;
genepì;
genever;
genevois;
genil;
genièvre;
genovesato;
genthod;
genziana;
geográfica;
georges;
geroskipou;
getaria;
getariako;
gevrey;
gewurztraminer;
gialtra;
giennois;
gimignano;
gin;
ginesio;
ginseng;
gioia;
girò;
giuda;
giulia;
glanes;
glarner;
glaronais;
glaronese;
gloeckelberg;
gluay;
glyko;
glühwein;
golden;
goldert;
golfo;
gomera;
goriziano;
goriška;
gouda;
graanjenever;
gradoli;
gragnano;
grains;
gran;
grana;
grance;
grand;
grande;
grandlieu;
grands;
grappa;
gras;
grasparossa;
grass;
graukäse;
grave;
gravensteiner;
graves;
graviera;
greco;
grenoble;
greve;
grigio;
grigioni;
grignan;
grignolino;
grillet;
griotte;
gris;
grisons;
gros;
grottino;
grozdova;
guadalfeo;
guadeloupe;
guadiana;
guardia;
guilhem;
guyane;
gyulai;
gállego;
génisse;
génépi;
géromé;
gönci;
güímar;
haang;
hagelandse;
hajós;
halkida;
hallertau;
hamburger;
haselünner;
hasetaler;
haspengouwse;
hasseltse;
hatschbourg;
haut;
haute;
hautes;
hedelmälikööri;
hengst;
henri;
herbal;
herbero;
hermitage;
herve;
hessische;
heuvellandse;
hierbas;
hierro;
himbeergeist;
hobelkäse;
holland;
holly;
holsteiner;
holsteinischer;
hom;
hopfen;
hor;
horincă;
hrvatska;
hrvatski;
hrvatsko;
huasco;
huelva;
huile;
hurtado;
huîtres;
hérault;
hügelland;
ibicencas;
ibăneşti;
ignacio;
illa;
illes;
imokilly;
imola;
imperiese;
indicación;
interior;
irache;
irakliou;
iria;
irish;
isernia;
isla;
island;
islands;
islas;
isola;
isonzo;
isora;
istarski;
istočna;
istra;
istrski;
italia;
italiani;
italiano;
itata;
itria;
iulia;
izsáki;
jaem;
jambon;
jamón;
jardins;
javier;
jaén;
jean;
jek;
jenever;
jerez;
jesi;
jiloca;
jiménez;
johannisberg;
jok;
jonge;
jonge genever;
jonichetarantine;
jorge;
joseph;
josé;
joué;
juan;
julien;
jura;
jussy;
južna;
júcar;
kaefferkopf;
kalamata;
kalamatas;
kalasin;
kalberwurst;
kalbsbratwurst;
kalocsai;
kanzlerberg;
kaowong;
karlovo;
karlovska;
karpatská;
karystos;
kastelberg;
katenrauchschinken;
katenschinken;
kathoh;
kecskeméti;
kefalonia;
kessler;
khan;
khao;
khaotangkwa;
kimchi;
kirchberg;
kirsch;
kirschtorte;
kirschwasser;
kithaironas;
kitro;
kitterlé;
klobasa;
klosterlikör;
knimida;
knochenschinken;
knöpfle;
kohkret;
kolbász;
kolymvari;
kom;
konservolia;
kontinentalna;
korinthiaki;
korn;
kornbrand;
korngenever;
koropi;
kouat;
koum;
kozanis;
krajina;
kranjska;
kras;
krasohoria;
kraška;
kraški;
kren;
kritis;
krokos;
krum;
kräuter;
kräuterlikör;
krčki;
kula;
kulen;
kulmbacher;
kum;
kwaliteitswijn;
közi;
kümmel;
kürbiskernöl;
lac;
lacrima;
laderas;
lago;
lalande;
lamb;
lambrays;
lambro;
lambrusco;
lamphun;
landecy;
landschaft;
landwein;
landwijn;
langa;
langosta;
languedoc;
lanna;
lanuvini;
laona;
lard;
larga;
largo;
lariane;
lasithiou;
latisana;
latricières;
laujar;
lavande;
layon;
lebkuchen;
lemesou;
lentille;
lessini;
leuang;
levante;
levanto;
leyda;
león;
libron;
licor;
liechtensteiner;
lietuviška;
ligua;
ligure;
liguria;
lilantio;
limari;
limarí;
limbara;
limnos;
limone;
limousin;
limoux;
limón;
lingues;
linguiça;
lipari;
liqueur;
liquore;
lison;
listrac;
lithuanian;
livenza;
livinière;
llevant;
llonganissa;
lluteño;
loché;
locomilla;
locris;
loir;
loire;
lomas;
lombarda;
lombardia;
loncomilla;
lontue;
lontué;
lorenzo;
lorraine;
loukoumi;
lourinhã;
loué;
lovech;
loveshka;
lowland;
lowlands;
loza;
lucchesi;
lucera;
lugares;
lully;
lunel;
luni;
lussac;
luxembourgeoise;
lychee;
lygourio;
lyonnais;
lès;
léognan;
lübecker;
macaire;
macedonia;
maceratesi;
macvin;
madeira;
madeirenses;
madrid;
madère;
mae;
magenbitter;
magenlikör;
magiun;
magra;
magyarország;
magyarországi;
mahoma;
mahón;
main;
maine;
maipo;
malanotte;
mali;
malleco;
mallorca;
maltese;
malvasia;
malvoisie;
mambourg;
mamertino;
mancha;
manchego;
mandelberg;
mandement;
manduria;
mantova;
mantovani;
mantovano;
manzanilla;
maraschino;
marc;
marca;
marcellin;
marckrain;
mare;
maremma;
marennes;
mares;
marga;
margherita;
maria;
mariazeller;
marie;
marille;
marillenbrand;
marillenlikör;
mariola;
maritimes;
marittima;
marjalikööri;
markenspeck;
markopoulo;
marmandais;
marne;
marsens;
martani;
martina;
martinique;
martino;
marzano;
marzipan;
maría;
maslo;
massa;
massico;
masticha;
matelica;
maule;
maung;
maure;
mavrodaphne;
mavrodaphni;
mazis;
mazoyères;
maíz;
meaux;
mecklenburger;
medieșu;
medina;
megara;
meggypálinka;
mela;
mele;
meliton;
menetou;
menorca;
mer;
mers;
mesimvria;
mesogia;
met;
metauro;
metliška;
metodo;
meunier;
meuse;
međimurje;
milanese;
milazzo;
millau;
mincio;
minervois;
mirabelle;
mirabellenwasser;
mireval;
mirto;
mitilene;
mitteldeutscher;
miño;
mlabri;
mmitte;
modena;
moenchberg;
moine;
moines;
moldovei;
molise;
monferrato;
monforte;
monica;
mont;
montagne;
montalcino;
monte;
montecompatri;
montecucco;
montefiascone;
montello;
montenetto;
montepulciano;
monteregio;
montes;
monti;
montilla;
montlouis;
montrachet;
montravel;
montsià;
moravské;
morellino;
morey;
moriles;
morro;
mortadella;
moscadello;
moscatel;
moscato;
mosel;
moselle;
mostbröckli;
moulin;
moulis;
mount;
mountain;
moura;
mousserende;
mousseux;
mozzarella;
mudmee;
muenchberg;
munder;
munster;
munteniei;
murcia;
murfatlar;
muscadet;
muscat;
muscatova;
musigny;
mágina;
málaga;
médoc;
münchener;
münsterländer;
mărăcine;
měšťanský;
nacional;
nafarroako;
nagy;
nahegauer;
nakonchaisri;
nan;
nanglae;
nantais;
narbonne;
nasco;
naturale;
navarra;
navarro;
naxos;
naxou;
nea;
nebbiolo;
neckar;
nectaire;
negro;
negroamaro;
nero;
neto;
neuchâtelois;
neuchâteloise;
neusiedlersee;
nevada;
niculiţel;
nikhom;
nivolelli;
niziny;
nobile;
noble;
nocerino;
nocino;
noir;
noix;
nont;
noord;
norcia;
nord;
normandie;
norte;
north;
nova;
novaresi;
novi;
novo;
nuits;
nuoro;
nuraghi;
nuragus;
nîmes;
nürnberger;
oberrhein;
oblasť;
obstler;
oeste;
offida;
okela;
olevano;
oli;
olive;
ollwiller;
olmos;
olteniei;
oltrepò;
oléron;
oost;
opountia;
orb;
orbe;
ordinaire;
orientale;
orientali;
originaire;
original;
originali;
oristano;
orléans;
ormeasco;
orotava;
orta;
orujo;
orvietano;
orégano;
osci;
osorno;
ossolane;
ostfriesischer;
ostpreußischer;
oststeiermark;
otranto;
oude;
oude genever;
ouest;
ourense;
outre;
ouzo;
ovada;
oyster;
pacharán;
pacherenc;
padano;
padovano;
pago;
paiania;
paiko;
pain;
paine;
pakpanang;
palacios;
palanga;
paleta;
palma;
palo;
paloma;
panayias;
pancetta;
pantelleria;
pantli;
pape;
paprika;
paradis;
parma;
parmigiano;
parnitha;
paros;
pascua;
paso;
passe;
passito;
pasta;
pastene;
patew;
patra;
patria;
pavese;
pavia;
pays;
pazar;
país;
pecorino;
pedio;
pedro;
pedroches;
peissy;
peket;
pekêt;
pelagos;
pelaverga;
pelinkovac;
pendeliko;
penedés;
peney;
penisola;
pentro;
península;
perla;
pernand;
perricard;
perugini;
pesaresi;
pescarese;
pescaresi;
pessac;
petit;
petite;
peyriac;
peza;
pfersigberg;
pfingstberg;
pfälzer;
phanat;
phatthalung;
phet;
phetchabun;
phuket;
phulae;
phurua;
piacentina;
piacentini;
piave;
pica;
picante;
piceno;
picolit;
piemonte;
piemontese;
piglio;
pikermi;
pimentón;
pineapple;
pineau;
pino;
pinot;
pinto;
pisa;
pitigliano;
pivo;
pla;
plain;
plant;
plate;
plateau;
plomari;
podlasie;
podunavlje;
poire;
poiré;
poitou;
poitín;
polcèvera;
polish;
polska;
polvorones;
pomaire;
pomelo;
pomerol;
pommeau;
pomodoro;
pomorie;
pomoriyska;
poncha;
ponente;
pont;
pontelatone;
pork;
pornassio;
port;
portalegre;
porto;
portofino;
portugais;
poteen;
potte;
pottery;
pouilly;
pourçain;
prado;
praelatenberg;
praewa;
pramaggiore;
premières;
preslav;
presunto;
priego;
prigorje;
primitivo;
primorje;
primorska;
printen;
prosciutto;
prosecco;
provence;
provincia;
provolone;
prune;
pruneaux;
pršut;
puebla;
puente;
puglia;
puglie;
puisseguin;
puligny;
punch;
punsch;
putre;
puy;
pyrénées;
pároskolbász;
pâté;
pèket;
pèkèt;
péray;
pêra;
północnopodlaskiej;
qualité;
quarts;
queijo;
queijos;
queixo;
quercy;
queso;
quetsch;
raclette;
rafael;
rakya;
rangen;
rapel;
ratafia;
reale;
reblochon;
recioto;
regato;
regensburger;
reggiano;
region;
região;
región;
requena;
retiche;
retsina;
rhein;
rheinberger;
rheinburgen;
rheingauer;
rheinischer;
rheintaler;
rhodaniennes;
rhodaniens;
rhum;
rhône;
ribatejo;
ribeauvillé;
ribeira;
ribel;
ribera;
riberas;
rice;
riceys;
rigi;
rimini;
rincón;
rio;
rioja;
riojano;
ripasso;
riserva;
rivesaltes;
riviera;
rizzuto;
roannaise;
roast;
robola;
roccanova;
rocha;
roche;
rodos;
roggenbrot;
rohschinken;
romagna;
romain;
romana;
romani;
romano;
romanée;
ronchi;
rong;
ronmiel;
rosacker;
rosada;
rosato;
rose;
rossese;
rosso;
rostbratwurst;
rostbratwürste;
rosé;
rotaliano;
rouge;
roussette;
roussillon;
rovion;
rozovo;
rubino;
ruchottes;
ruchè;
rue;
rum;
russin;
ruwer;
réunion;
rías;
río;
rôtie;
saale;
saar;
saarländischer;
sabina;
sacra;
sadacia;
sadjevec;
saering;
safran;
safranbrot;
sagrada;
saint;
sainte;
saintonge;
sakon;
sal;
salam;
salamanca;
salamini;
salamino;
salchichón;
salentino;
salerno;
salice;
salmon;
salon;
salted;
saluzzesi;
sambre;
sambuca;
samoborski;
samutsongkhram;
samutsongkram;
san;
sandía;
sang;
sangiovese;
sangro;
sangue;
sangyod;
sanlúcar;
sannio;
sanseverino;
sant;
santa;
santo;
santos;
sao;
sardegna;
sardos;
sarica;
sarnese;
sassicaia;
sata;
saucisse;
saucisson;
sauerkäse;
saumur;
sauvignon;
savarin;
savennières;
savigny;
savoie;
savonesi;
saône;
scandiano;
scansano;
scanzo;
schinken;
schleswig;
schlossberg;
schoenenbourg;
schokolade;
schwarzwälder;
schweizer;
schwäbische;
schwäbischer;
sciacchetrà;
sclafani;
scotch;
scottish;
sebeş;
sec;
secano;
secca;
segarcea;
segre;
segura;
seigle;
selo;
semidano;
sendenhorster;
senesi;
sennori;
serena;
serenissima;
serra;
serrant;
serrapetrona;
sesia;
setúbal;
severo;
sevilla;
sforzato;
sfursat;
shaoxing;
sherry;
sibiu;
sicilia;
siciliana;
siciliane;
sidonia;
sidra;
siedwurst;
sierra;
sierras;
silk;
sillaro;
sitia;
sjeverna;
slavonska;
sliven;
slivenska;
slivova;
sliwovitz;
slopes;
slovenija;
slovenska;
slámové;
soave;
sobrasada;
som;
somló;
somlói;
somma;
sommerberg;
sondrio;
sonnenglanz;
sopra;
sorbara;
sorrentina;
sorrento;
sorso;
southern;
spata;
speck;
spiegel;
spišská;
sporen;
spätzle;
srednja;
sriracha;
stadt;
stafida;
stara;
starkenburger;
steinert;
steinfelder;
steingrubler;
steinklotz;
steirischer;
steirisches;
sterea;
sticky;
stilton;
stollen;
straldja;
straldjanska;
struma;
sucrerie;
sud;
suhindol;
suhindolska;
suisse;
sulcis;
sungurlare;
sungurlarska;
suomalainen;
superiore;
supérieur;
suratthani;
surin;
svensk;
svizzero;
swedish;
sweet;
syrah;
szabolcsi;
szalámi;
szatmári;
szegedi;
szilvapálinka;
sárfehér;
sächsischer;
sèvre;
séchée;
ségala;
süd;
südtiroler;
sătmarului;
tabtimsiam;
taburno;
tacoronte;
tamarind;
tango;
tannay;
tarn;
taro;
tart;
taubertäler;
tavoliere;
teatine;
teen;
telemea;
tenessee;
teno;
teramane;
terasele;
ternera;
teroldego;
terra;
terracina;
terradeiforti;
terralba;
terras;
terratico;
terrazze;
terre;
terreni;
terrerazo;
teruel;
tetilla;
tettnanger;
thai;
thebes;
thessaly;
thongue;
thrace;
thracian;
thung;
thézac;
thüringer;
ticinese;
ticino;
tidone;
tieguanyin;
tierra;
tigullio;
til;
timişului;
tiroler;
tirso;
tisza;
tokaj;
tollesi;
tolosan;
tomme;
topoloveni;
torgiano;
torinese;
torino;
torpè;
torres;
torrontés;
torta;
tortonesi;
toscana;
toscani;
toscano;
toul;
touraine;
touriga;
tout;
tradizionale;
tramuntana;
trang;
trani;
transilvaniei;
trasimeno;
trauktinė;
travarica;
travers;
trawy;
trebbiano;
trentina;
trentino;
trevigiana;
trevélez;
triantafyllo;
trockenfleisch;
trockenspeck;
troia;
troyan;
troyanska;
trás;
tsikoudia;
tsipouro;
tufo;
tung;
turrón;
tutuven;
tutuvén;
txakolina;
txakolí;
tyrnavos;
távora;
tâche;
târnave;
téliszalámi;
tête;
türggen;
uisce;
umbrella;
unión;
unstrut;
utiel;
uzès;
vacherin;
vacuno;
val;
valais;
valaisan;
valdadige;
valdarno;
valdepusa;
valdichiana;
valdivia;
valdobbiadene;
valencianos;
valencians;
valle;
valles;
valley;
valli;
vallée;
valpadana;
valpolicella;
valtellina;
var;
varesini;
varois;
varosa;
vasco;
vaslui;
vastagkolbász;
vastese;
vaudois;
vaudoise;
vayres;
veau;
vedras;
veleja;
veliki;
vendéens;
vendômois;
veneta;
veneto;
venezia;
venezie;
venise;
vent;
vera;
verde;
verdean;
verdes;
verdicchio;
verdot;
verduno;
vergelesses;
vermeille;
vermentino;
vermouth;
vernaccia;
verona;
vert;
verte;
vertiskos;
viande;
vic;
vicomté;
vidure;
vie;
vienne;
vigne;
vigneti;
viile;
villa;
villages;
villas;
villaviciosa;
vilniaus;
vilnius;
vin;
vin de Porto;
vinagre;
vinars;
vinhais;
vinho;
vinho do Porto;
vinhos;
vino;
vinohradnícka;
vinos;
vins;
vinzelles;
viola;
violetas;
viotia;
vipavska;
viré;
vitellone;
viterbesi;
vittoria;
vivarais;
vlaamse;
vodka;
volailles;
volturno;
vorarlberger;
vorbourg;
vosne;
vostitsa;
vougeot;
vouni;
vrancea;
vrancei;
vruchten;
vulture;
véran;
víno;
wachauer;
walliser;
wallonie;
weihnachtsstollen;
wein;
weinberg;
weinbrand;
weisser;
welsh;
werdenberger;
west;
whiskey;
whisky;
white;
wiebelsberg;
wijn;
williams;
williamsbirne;
wine;
wineck;
winzenberg;
wolxheim;
wódka;
ximénez;
xérès;
yai;
ycoden;
yok;
zadarski;
zagora;
zagorje;
zakynthos;
zamora;
zampone;
zarandului;
zašink;
zetea;
zibello;
zinnkoepflé;
ziołowa;
zotzenberg;
zuger;
zuid;
zungenwurst;
zwetschgeler;
zwetschgenwasser;
Époisses;
Île de Beauté;
Óbidos;
Újfehértói meggypálinka;
álava;
élez;
épineux;
évêque;
île;
újfehértói;
Čechy;
Českobudějovické pivo;
České pivo;
českobudějovické;
české;
črnina;
őrlemény;
Ştefăneşti;
Šobes;
Šobeské víno;
Štajerska Slovenija;
šljivovica;
šobeské;
štajerska;
żubrowej;
Žatecký chmel;
žatecký;
Țuică Zetea de Medieșu Aurit;
Țuică de Argeș;
țuică;
Άβδηρα;
Άγιο Όρος;
Άγιο Όρος Άθως;
Έβρος;
Ήπειρος;
Ίλιον;
Ίσμαρος;
Αγορά;
Αγχίαλος;
Αιγαίο Πέλαγος;
Αμύνταιο;
Ανάβυσσος;
Αργολίδα;
Αρκαδία;
Αρχάνες;
Αττική;
Αττικής;
Αχαΐα;
Βελβεντό;
Βερντέα Ζακύνθου;
Βοιωτίας;
Βουνί Παναγιάς – Αμπελίτης;
Βόρειες Πλαγιές;
Γεράνεια;
Γλυκό Τριαντάφυλλο Αγρού;
Γουμένισσα;
Γραβιέρα Κρήτης;
Γραβιέρα Νάξου;
Γρεβενά;
Δαφνές;
Δράμα;
Δωδεκάνησος;
Ελιά Καλαμάτας;
Επανομή;
Ευβοίας;
Εύβοια;
Ζάκυνθος;
Ζίτσα;
Ζιβάνα;
Ζιβανία;
Ηλεία;
Ημαθία;
Ηράκλειο;
Θάσος;
Θήβα;
Θαψανά;
Θεσσαλία;
Θεσσαλονίκη;
Θράκη;
Ικαρία;
Ιωάννινα;
Κάρυστος;
Κέρκυρα;
Κίσσαμος;
Κίτρο Νάξου;
Καβάλα;
Καλαμάτα;
Καρδίτσα;
Κασέρι;
Καστοριά;
Κεφαλληνίας;
Κεφαλογραβιέρα;
Κλημέντι;
Κοζάνη;
Κοιλάδα Αταλάντης;
Κολυμβάρι Χανίων Κρήτης;
Κονσερβολιά Ροβίων;
Κορινθία;
Κορινθιακή Σταφίδα Βοστίτσα;
Κουμανδαρία;
Κουμκουάτ Κέρκυρας;
Κρήτη;
Κρανιά;
Κραννώνα;
Κρασοχώρια Λεμεσού;
Κρασοχώρια Λεμεσού  - Αφάμης;
Κρασοχώρια Λεμεσού  - Λαόνα;
Κρόκος Κοζάνης;
Κόρινθος;
Λάρνακα;
Λέσβος;
Λήμνος;
Λακωνία;
Λασίθι;
Λαόνα Ακάμα;
Λεμεσός;
Λετρίνοι;
Λευκάδα;
Λευκωσία;
Ληλάντιο Πεδίο;
Λουκούμι Γεροσκήπου;
Λυγουριό Ασκληπιείου;
Μuscat of Rio Patra;
Μέτσοβο;
Μαγνησία;
Μακεδονία;
Μανούρι;
Μαντζαβινάτα;
Μαντινεία;
Μαρκόπουλο;
Μαρτίνο;
Μαστίχα Χίου;
Μαυροδάφνη;
Μεσενικόλα;
Μεσσηνία;
Μετέωρα;
Μεταξάτων;
Μονεμβασία;
Μοσχάτο Πατρών;
Μοσχάτος;
Μοσχάτος Λήμνου;
Μοσχάτος Ρίου;
Μοσχάτος Ρόδου;
Νάουσα;
Νέα Μεσημβρία;
Νεμέα;
Οπούντια Λοκρίδας;
Ούζο Θράκης;
Ούζο Καλαμάτας;
Ούζο Μακεδονίας;
Ούζο Μυτιλήνης;
Ούζο Πλωμαρίου;
Πάρος;
Πάτρα;
Πάτρας;
Πέλλα;
Παγγαίο;
Παλλήνη;
Πατρών;
Πεζά;
Πεζά Ηρακλείου Κρήτης;
Πελοπόννησος;
Πεντελικού;
Πιερία;
Πισάτις;
Πιτσιλιά;
Πλαγιές Αίνου;
Πλαγιές Αιγιαλείας;
Πλαγιές Αμπέλου;
Πλαγιές Βερτίσκου;
Πλαγιές Κιθαιρώνα;
Πλαγιές Κνημίδας;
Πλαγιές Μελίτωνα;
Πλαγιές Πάικου;
Πλαγιές Πάρνηθας;
Πλαγιές Πεντελικού;
Πυλία;
Ρέθυμνο;
Ραψάνη;
Ρετσίνα Αττικής;
Ρετσίνα Βοιωτίας;
Ρετσίνα Γιάλτρων;
Ρετσίνα Εύβοιας;
Ρετσίνα Θηβών;
Ρετσίνα Καρύστου;
Ρετσίνα Κορωπίου;
Ρετσίνα Κορωπίου Αττικής;
Ρετσίνα Κρωπίας;
Ρετσίνα Λιοπεσίου;
Ρετσίνα Μαρκόπουλου;
Ρετσίνα Μεγάρων;
Ρετσίνα Μεσογείων;
Ρετσίνα Παιανίας Αττικής;
Ρετσίνα Παλλήνης;
Ρετσίνα Πικερμίου;
Ρετσίνα Σπάτων;
Ρετσίνα Χαλκίδας;
Ριτσώνα;
Ρομπόλα Κεφαλληνίας;
Ρόδος;
Σάμος;
Σέρρες;
Σαντορίνη;
Σητεία;
Σητεία Λασιθίου Κρήτης;
Σιάτιστα;
Σιθωνία;
Σπάτα;
Στερεά Ελλάδα;
Τεγέα;
Τεντούρα;
Τζιβανία;
Τριφυλία;
Τσίπουρο;
Τσίπουρο Θεσσαλίας;
Τσίπουρο Τυρνάβου;
Τσικουδιά;
Τσικουδιά Κρήτης;
Τύρναβος;
Φέτα;
Φθιώτιδα;
Φλώρινα;
Χάνδακας - Candia;
Χίος;
Χαλικούνα;
Χαλκιδική;
Χανιά;
Χανιά Κρήτης;
άγιο;
άθως;
αίνου;
αγρού;
αιγαίο;
αιγιαλείας;
ακάμα;
αμπέλου;
αμπελίτης;
ασκληπιείου;
αταλάντης;
αττικής;
αφάμης;
βερντέα;
βερτίσκου;
βοιωτίας;
βοστίτσα;
βουνί;
βόρειες;
γεροσκήπου;
γιάλτρων;
γλυκό;
γραβιέρα;
ελιά;
ελλάδα;
εύβοιας;
ζακύνθου;
ηρακλείου;
θεσσαλίας;
θηβών;
θράκης;
κέρκυρας;
κίτρο;
καλαμάτας;
καρύστου;
κεφαλληνίας;
κιθαιρώνα;
κνημίδας;
κοζάνης;
κοιλάδα;
κολυμβάρι;
κονσερβολιά;
κορινθιακή;
κορωπίου;
κουμκουάτ;
κρήτης;
κρασοχώρια;
κρωπίας;
κρόκος;
λήμνου;
λασιθίου;
λαόνα;
λεμεσού;
ληλάντιο;
λιοπεσίου;
λοκρίδας;
λουκούμι;
λυγουριό;
μuscat;
μακεδονίας;
μαρκόπουλου;
μαστίχα;
μεγάρων;
μελίτωνα;
μεσημβρία;
μεσογείων;
μοσχάτο;
μοσχάτος;
μυτιλήνης;
νάξου;
νέα;
οπούντια;
ούζο;
πάικου;
πάρνηθας;
πάρος;
πέλαγος;
παιανίας;
παλλήνης;
παναγιάς;
πατρών;
πεδίο;
πεζά;
πεντελικού;
πικερμίου;
πλαγιές;
πλωμαρίου;
ρίου;
ρετσίνα;
ροβίων;
ρομπόλα;
ρόδου;
σητεία;
σητείας;
σπάτων;
σταφίδα;
στερεά;
τριαντάφυλλο;
τσίπουρο;
τσικουδιά;
τυρνάβου;
χάνδακας;
χίου;
χαλκίδας;
χανίων;
χανιά;
όρος;
Асеновград;
Болярово;
Брестник;
Българско розово масло;
Варна;
Велики Преслав;
Видин;
Враца;
Върбица;
Гроздова Ракия от  Карлово;
Гроздова ракия от  Поморие;
Гроздова ракия от  Сунгурларе;
Гроздова ракия от  Сухиндол;
Гроздова ракия от Сливен;
Долината на Струма;
Драгоево;
Дунавска равнина;
Ивайловград;
Карлово;
Карловска гроздова ракия;
Карнобат;
Ловеч;
Ловешка сливова ракия;
Лозица;
Лом;
Любимец;
Лясковец;
Мелник;
Монтана;
Мускатова ракия  от Стралджа;
Нова Загора;
Нови Пазар;
Ново село;
Оряховица;
Павликени;
Пазарджик;
Перущица;
Плевен;
Пловдив;
Поморие;
Поморийска гроздова ракия;
Русе;
Сандански;
Свищов;
Септември;
Славянци;
Сливен;
Сливенска гроздова  ракия;
Сливенска перла;
Сливова ракия от  Ловеч;
Сливова ракия от  Троян;
Стамболово;
Стара Загора;
Стралджанска Мускатова ракия;
Сунгурларе;
Сунгурларска гроздова ракия;
Сухиндол;
Сухиндолска гроздова ракия;
Тракийска низина;
Троянска сливова ракия;
Хан Крум;
Хасково;
Хисаря;
Хърсово;
Черноморски район;
Шивачево;
Шумен;
Южно Черноморие;
Ямбол;
българско;
велики;
гроздова;
долината;
дунавска;
загора;
карлово;
карловска;
крум;
ловеч;
ловешка;
масло;
мускатова;
низина;
нова;
нови;
ново;
пазар;
перла;
поморие;
поморийска;
преслав;
равнина;
район;
ракия;
розово;
село;
сливен;
сливенска;
сливова;
стара;
стралджа;
стралджанска;
струма;
сунгурларе;
сунгурларска;
сухиндол;
сухиндолска;
тракийска;
троян;
троянска;
хан;
черноморие;
черноморски;
южно;
parmesan;
parmesano;
